fecha,compra,venta
2024-09-18,937.358,994.738
2024-09-17,937.813,995.631
2024-09-16,937.597,995.729
2024-09-13,936.784,995.565
2024-09-12,936.137,994.605
2024-09-11,936.507,993.414
2024-09-10,935.77,994.237
2024-09-09,934.867,993.341
2024-09-06,932.902,990.312
2024-09-05,935.009,991.796
2024-09-04,933.143,990.972
2024-09-03,932.644,991.122
2024-09-02,932.964,990.793
2024-08-30,932.283,991.421
2024-08-29,930.04,988.063
2024-08-28,929.606,988.626
2024-08-27,929.739,988.098
2024-08-26,927.711,985.236
2024-08-23,927.226,986.045
2024-08-22,925.376,984.195
2024-08-21,925.485,983.641
2024-08-20,924.205,983.025
2024-08-19,924.186,983.005
2024-08-16,923.677,982.496
2024-08-15,923.388,980.765
2024-08-14,923.723,979.337
2024-08-13,922.573,981.392
2024-08-12,922.238,981.386
2024-08-09,921.932,980.752
2024-08-08,918.046,977.027
2024-08-07,919.28,977.436
2024-08-06,918.571,977.152
2024-08-05,917.738,976.909
2024-08-02,916.233,972.408
2024-08-01,914.138,971.501
2024-07-31,913.27,970.88
2024-07-30,912.877,971.074
2024-07-29,911.949,970.804
2024-07-26,910.514,969.05
2024-07-25,909.783,968.414
2024-07-24,909.352,967.661
2024-07-23,907.245,964.389
2024-07-22,908.114,966.23
2024-07-19,905.623,963.127
2024-07-18,904.881,962.106
2024-07-17,904.692,961.917
2024-07-16,902.956,960.89
2024-07-15,903.728,958.099
2024-07-12,902.067,959.993
2024-07-11,901.869,956.913
2024-07-10,901.37,957.914
2024-07-08,900.431,958.355
2024-07-05,898.275,956.018
2024-07-04,897.01,951.951
2024-07-03,896.874,954.099
2024-07-02,896.036,953.975
2024-07-01,895.45,953.748
2024-06-28,892.533,950.42
2024-06-27,891.279,948.678
2024-06-26,890.692,947.21
2024-06-25,890.44,948.546
2024-06-24,889.922,947.735
2024-06-19,887.11,944.925
2024-06-18,886.139,943.658
2024-06-14,884.255,941.934
2024-06-13,884.089,941.608
2024-06-12,884.161,936.541
2024-06-11,883.119,938.368
2024-06-10,882.716,940.563
2024-06-06,882.524,936.708
2024-06-05,880.303,938.141
2024-06-04,881.068,935.683
2024-06-03,878.724,937.659
2024-05-31,878.085,933.758
2024-05-30,876.874,934.62
2024-05-29,877.687,933.36
2024-05-28,877.456,933.129
2024-05-27,876.002,933.748
2024-05-24,874.035,931.782
2024-05-23,872.525,929.26
2024-05-22,872.139,929.517
2024-05-21,870.901,927.388
2024-05-20,871.271,927.132
2024-05-17,870.935,927.575
2024-05-16,871.478,928.453
2024-05-15,869.346,928.68
2024-05-14,868.611,926.011
2024-05-13,868.533,922.977
2024-05-10,865.39,922.239
2024-05-09,866.462,924.06
2024-05-08,865.577,923.054
2024-05-07,864.555,922.376
2024-05-06,865.737,923.558
2024-05-03,863.853,921.341
2024-05-02,863.599,918.054
2024-04-30,862.77,920.57
2024-04-29,859.058,915.617
2024-04-26,860.496,918.363
2024-04-25,860.937,916.052
2024-04-24,857.743,915.346
2024-04-23,858.09,915.404
2024-04-22,858.398,915.798
2024-04-19,856.718,912.743
2024-04-18,856.107,910.302
2024-04-17,855.609,913.226
2024-04-16,855.207,912.612
2024-04-15,855.015,912.633
2024-04-12,854.57,913.267
2024-04-11,852.89,910.823
2024-04-10,850.622,907.609
2024-04-09,850.401,907.388
2024-04-08,852.136,908.794
2024-04-05,848.052,905.298
2024-04-04,846.368,899.794
2024-04-03,847.71,905.302
2024-03-27,843.356,901.63
2024-03-26,842.173,900.447
2024-03-25,841.906,900.416
2024-03-22,840.328,898.584
2024-03-21,839.586,897.863
2024-03-20,840.118,898.219
2024-03-19,839.968,898.481
2024-03-18,838.16,896.914
2024-03-15,837.076,895.151
2024-03-14,836.999,897.33
2024-03-13,836.206,894.946
2024-03-12,836.44,894.501
2024-03-11,835.617,894.343
2024-03-08,833.972,891.997
2024-03-07,832.537,891.276
2024-03-06,831.862,889.486
2024-03-05,832.631,892.335
2024-03-01,827.344,885.875
2024-02-29,828.214,887.496
2024-02-28,827.832,888.704
2024-02-27,825.62,884.031
2024-02-26,824.636,883.798
2024-02-23,825.013,883.654
2024-02-22,823.012,879.809
2024-02-21,823.701,882.792
2024-02-20,823.355,882.446
2024-02-19,825.357,882.037
2024-02-16,822.049,879.156
2024-02-15,821.655,880.568
2024-02-14,821.491,880.594
2024-02-09,819.131,877.341
2024-02-08,819.222,878.345
2024-02-07,819.042,878.128
2024-02-06,817.919,877.026
2024-02-05,817.802,876.878
2024-02-02,817.184,876.619
2024-02-01,815.569,871.925
2024-01-31,816.39,872.892
2024-01-30,815.848,875.118
2024-01-29,814.873,873.499
2024-01-26,813.336,871.962
2024-01-25,811.456,870.047
2024-01-24,811.118,870.626
2024-01-23,810.653,869.92
2024-01-22,808.912,868.154
2024-01-19,808.075,868.802
2024-01-18,807.199,866.512
2024-01-17,806.528,865.654
2024-01-16,805.381,864.652
2024-01-15,804.355,863.624
2024-01-12,801.38,860.645
2024-01-11,801.222,860.491
2024-01-10,799.531,857.874
2024-01-09,799.73,859.004
2024-01-08,798.346,857.62
2024-01-05,795.076,852.988
2024-01-04,794.546,853.145
2024-01-03,793.992,852.691
2024-01-02,792.997,851.247
2023-12-29,790.444,847.113
2023-12-28,788.592,844.663
2023-12-27,787.55,843.505
2023-12-26,787.238,843.55
2023-12-22,785.63,843.775
2023-12-21,786.399,842.678
2023-12-20,785.184,841.463
2023-12-19,785,841.279
2023-12-18,784.842,840.228
2023-12-15,782.525,838.184
2023-12-14,778.239,837.908
2023-12-13,773.971,832.637
2023-12-12,452.938,587.568
2023-12-11,382.148,462.399
2023-12-07,365.927,390.973
2023-12-06,361.892,381.312
2023-12-05,361.605,381.001
2023-12-04,360.841,380.37
2023-12-01,359.593,379.175
2023-11-30,358.963,378.371
2023-11-29,358.427,377.835
2023-11-28,358.166,377.549
2023-11-27,357.281,376.689
2023-11-24,355.967,375.375
2023-11-23,355.195,374.509
2023-11-22,354.926,374.33
2023-11-21,354.291,373.714
2023-11-17,352.234,371.549
2023-11-16,351.597,370.94
2023-11-15,351.101,370.509
2023-11-14,348.605,367.928
2023-11-13,348.605,367.928
2023-11-10,348.779,368.053
2023-11-09,348.605,367.928
2023-11-08,348.757,368.052
2023-11-07,348.71,367.867
2023-11-03,348.757,368.052
2023-11-02,348.757,368.052
2023-11-01,348.605,367.928
2023-10-31,348.617,367.94
2023-10-30,348.728,367.884
2023-10-27,348.617,367.932
2023-10-26,348.695,368.1
2023-10-25,348.52,367.723
2023-10-24,348.617,367.932
2023-10-23,348.614,367.905
2023-10-20,348.769,368.03
2023-10-19,347.993,367.168
2023-10-18,348.01,367.142
2023-10-17,348.211,367.591
2023-10-12,348.165,367.455
2023-10-11,347.715,367.006
2023-10-10,347.715,367.006
2023-10-09,347.851,367.183
2023-10-06,347.713,367.017
2023-10-05,347.47,366.645
2023-10-04,347.832,367.092
2023-10-03,347.47,366.645
2023-10-02,347.715,367.006
2023-09-29,346.783,365.6
2023-09-28,347.71,367.006
2023-09-27,347.46,366.639
2023-09-26,347.703,366.979
2023-09-25,347.703,366.979
2023-09-22,347.71,367.006
2023-09-21,347.827,367.092
2023-09-20,347.71,367.006
2023-09-19,347.46,366.639
2023-09-18,347.903,367.092
2023-09-15,347.714,367.006
2023-09-14,347.827,367.092
2023-09-13,347.597,366.717
2023-09-12,347.467,366.727
2023-09-11,347.597,366.717
2023-09-08,347.71,367.006
2023-09-07,347.713,367.001
2023-09-06,347.71,367.006
2023-09-05,347.726,367.006
2023-09-04,347.726,367.006
2023-09-01,347.69,367.019
2023-08-31,347.475,366.627
2023-08-30,347.833,367.088
2023-08-29,347.715,366.999
2023-08-28,346.476,367.001
2023-08-25,347.715,367.001
2023-08-24,347.761,367.366
2023-08-23,347.845,367.114
2023-08-22,347.701,367.034
2023-08-18,347.401,366.568
2023-08-17,347.399,366.553
2023-08-16,347.6,366.887
2023-08-15,347.499,366.627
2023-08-14,347.826,366.176
2023-08-11,285.708,300.009
2023-08-10,284.293,298.811
2023-08-09,283.514,297.815
2023-08-08,282.219,296.52
2023-08-07,280.936,295.25
2023-08-04,277.9,292.202
2023-08-03,277.027,291.328
2023-08-02,275.954,290.269
2023-08-01,274.852,289.167
2023-07-31,273.736,287.92
2023-07-28,272.225,286.565
2023-07-27,271.52,285.798
2023-07-26,270.823,285.196
2023-07-25,270.356,284.654
2023-07-24,270.146,284.366
2023-07-21,268.162,282.544
2023-07-20,267.278,281.66
2023-07-19,266.97,281.352
2023-07-18,266.206,280.59
2023-07-17,265.92,280.32
2023-07-14,264.089,278.465
2023-07-13,263.395,277.773
2023-07-12,262.515,276.894
2023-07-11,262.136,276.531
2023-07-10,261.371,275.811
2023-07-07,259.952,274.386
2023-07-06,259.222,273.712
2023-07-05,258.616,273.322
2023-07-04,257.682,272.056
2023-07-03,257.087,271.552
2023-06-30,255.812,270.162
2023-06-29,254.901,269.239
2023-06-28,254.128,267.88
2023-06-27,253.67,268.091
2023-06-26,253.06,267.221
2023-06-23,251.791,265.952
2023-06-22,251.128,265.306
2023-06-21,250.242,264.452
2023-06-16,247.628,261.585
2023-06-15,246.785,260.915
2023-06-14,245.875,259.847
2023-06-13,245.321,259.128
2023-06-12,244.732,258.517
2023-06-09,243.384,257.331
2023-06-08,242.406,256.093
2023-06-07,241.892,255.356
2023-06-06,241.436,254.704
2023-06-05,240.741,253.831
2023-06-02,238.831,251.996
2023-06-01,238.489,251.438
2023-05-31,237.997,250.37
2023-05-30,237.667,249.786
2023-05-29,237.37,248.678
2023-05-24,234.651,246.59
2023-05-23,233.745,245.533
2023-05-22,233.234,245.021
2023-05-19,231.862,243.594
2023-05-18,231.32,243.016
2023-05-17,230.884,242.653
2023-05-16,230.265,242.366
2023-05-15,230.047,241.386
2023-05-12,228.733,240.069
2023-05-11,228.091,239.419
2023-05-10,227.773,239.592
2023-05-09,227.212,238.894
2023-05-08,227.009,238.179
2023-05-05,225.494,235.984
2023-05-04,224.592,233.721
2023-05-03,223.817,232.882
2023-05-02,223.052,232.088
2023-04-28,221.12,229.632
2023-04-27,220.461,229.118
2023-04-26,219.773,228.43
2023-04-25,219.022,227.678
2023-04-24,218.282,226.938
2023-04-21,216.909,225.578
2023-04-20,216.557,225.213
2023-04-19,215.895,224.552
2023-04-18,215.317,223.73
2023-04-17,214.652,223.39
2023-04-14,213.113,221.769
2023-04-13,212.974,221.622
2023-04-12,212.876,221.459
2023-04-11,212.515,221.17
2023-04-10,212.071,220.727
2023-04-05,210.148,218.775
2023-04-04,209.401,218.028
2023-04-03,208.762,217.433
2023-03-31,207.664,216.237
2023-03-30,207.148,215.805
2023-03-29,206.767,215.496
2023-03-28,206.368,215.029
2023-03-27,205.789,214.451
2023-03-23,204.314,212.97
2023-03-22,204.062,212.723
2023-03-21,203.586,212.241
2023-03-20,203.188,211.848
2023-03-17,201.882,210.535
2023-03-16,201.547,210.208
2023-03-15,201.095,209.623
2023-03-14,200.695,209.356
2023-03-13,200.438,208.883
2023-03-10,199.355,207.957
2023-03-09,198.834,207.494
2023-03-08,198.556,207.217
2023-03-07,198.293,206.895
2023-03-06,198.009,206.67
2023-03-03,197.122,205.724
2023-03-02,196.48,205.371
2023-03-01,196.064,204.726
2023-02-28,195.731,204.393
2023-02-27,195.461,204.122
2023-02-24,194.353,202.875
2023-02-23,193.823,202.476
2023-02-22,193.125,201.726
2023-02-17,191.935,200.552
2023-02-16,191.047,199.704
2023-02-15,190.809,199.465
2023-02-14,190.382,199.032
2023-02-13,190.128,198.784
2023-02-10,188.945,197.602
2023-02-09,188.529,197.185
2023-02-08,188.276,196.933
2023-02-07,188.16,196.742
2023-02-06,187.867,196.523
2023-02-03,186.888,195.404
2023-02-02,186.484,195.14
2023-02-01,186.314,194.955
2023-01-31,185.718,194.356
2023-01-30,185.443,194.074
2023-01-27,184.428,193.059
2023-01-26,183.955,192.743
2023-01-25,183.625,192.256
2023-01-24,183.511,192.083
2023-01-23,183.047,191.678
2023-01-20,182.022,190.653
2023-01-19,181.569,190.192
2023-01-18,181.345,189.976
2023-01-17,181.061,189.736
2023-01-16,180.893,189.466
2023-01-13,179.903,188.534
2023-01-12,179.512,188.176
2023-01-11,179.642,188.214
2023-01-10,179.479,188.112
2023-01-09,179.086,187.719
2023-01-06,177.961,186.613
2023-01-04,177.643,186.216
2023-01-03,177.415,185.988
2023-01-02,176.811,185.361
2022-12-30,175.692,184.637
2022-12-29,175.329,183.954
2022-12-28,174.898,183.513
2022-12-27,174.497,183.122
2022-12-26,174.19,182.815
2022-12-23,173.119,181.744
2022-12-22,172.737,181.363
2022-12-21,172.532,181.158
2022-12-20,171.888,180.668
2022-12-19,172.018,180.645
2022-12-16,171.114,179.685
2022-12-15,170.774,179.346
2022-12-14,170.621,179.215
2022-12-13,170.472,179.011
2022-12-12,169.97,178.569
2022-12-07,168.213,176.806
2022-12-06,167.994,176.587
2022-12-05,167.847,176.44
2022-12-02,166.783,175.419
2022-12-01,166.278,174.861
2022-11-30,165.963,174.551
2022-11-29,165.531,174.153
2022-11-28,164.847,173.657
2022-11-25,163.858,172.446
2022-11-24,163.644,172.239
2022-11-23,163.26,171.848
2022-11-22,162.889,171.52
2022-11-18,161.721,170.218
2022-11-17,161.39,169.887
2022-11-16,161.105,169.602
2022-11-15,160.588,169.176
2022-11-14,160.127,168.624
2022-11-11,159.337,167.773
2022-11-10,158.997,167.496
2022-11-09,158.67,167.169
2022-11-08,158.294,166.793
2022-11-07,157.805,166.325
2022-11-04,156.56,165.15
2022-11-03,156.287,164.818
2022-11-02,155.899,164.489
2022-11-01,155.671,164.261
2022-10-31,155.156,163.885
2022-10-28,154.033,162.594
2022-10-27,153.808,162.3
2022-10-26,153.667,162.22
2022-10-25,153.544,162.097
2022-10-24,153.01,161.563
2022-10-21,152.013,160.566
2022-10-20,151.738,160.265
2022-10-19,151.528,159.938
2022-10-18,151.158,159.712
2022-10-17,150.935,159.488
2022-10-14,149.754,158.284
2022-10-13,149.64,158.193
2022-10-12,149.408,157.962
2022-10-11,149.204,157.758
2022-10-06,147.732,156.286
2022-10-05,147.406,155.898
2022-10-04,147.101,155.671
2022-10-03,146.776,155.329
2022-09-30,145.647,154.249
2022-09-29,145.493,153.902
2022-09-28,145.057,153.605
2022-09-27,144.824,153.311
2022-09-26,144.662,153.007
2022-09-23,143.733,152.24
2022-09-22,143.161,151.637
2022-09-21,143.05,151.558
2022-09-20,142.736,151.244
2022-09-19,142.422,150.931
2022-09-16,141.661,150.17
2022-09-15,141.479,149.988
2022-09-14,141.116,149.61
2022-09-13,141.264,149.519
2022-09-12,140.924,149.434
2022-09-09,139.929,148.417
2022-09-08,139.664,148.152
2022-09-07,139.147,147.657
2022-09-06,138.843,147.352
2022-09-05,138.48,147.047
2022-09-01,137.352,145.862
2022-08-31,137.27,145.772
2022-08-30,137.116,145.619
2022-08-29,136.945,145.448
2022-08-26,136.257,144.726
2022-08-25,136.017,144.576
2022-08-24,135.79,144.285
2022-08-23,135.558,144.026
2022-08-22,135.554,144.037
2022-08-19,134.577,143.06
2022-08-18,133.919,142.389
2022-08-17,134.022,142.518
2022-08-16,133.89,142.407
2022-08-12,133.032,141.502
2022-08-11,132.572,140.977
2022-08-10,132.237,140.704
2022-08-09,132.362,140.766
2022-08-08,132.105,140.585
2022-08-05,131.246,139.866
2022-08-04,131.313,139.856
2022-08-03,130.963,139.311
2022-08-02,130.718,139.066
2022-08-01,130.551,138.901
2022-07-29,129.805,137.929
2022-07-28,129.701,137.86
2022-07-27,129.449,137.584
2022-07-26,129.392,137.383
2022-07-25,129.145,137.304
2022-07-22,128.374,136.612
2022-07-21,128.193,136.317
2022-07-20,128.049,136.101
2022-07-19,127.922,136.081
2022-07-18,127.634,135.793
2022-07-15,127.131,135.288
2022-07-14,127.059,135.209
2022-07-13,127.023,135.154
2022-07-12,126.739,134.882
2022-07-11,126.654,134.665
2022-07-08,126.142,133.894
2022-07-07,125.675,133.269
2022-07-06,125.52,132.848
2022-07-05,125.254,132.54
2022-07-04,124.988,132.069
2022-07-01,124.117,130.688
2022-06-30,123.856,130.441
2022-06-29,123.458,129.986
2022-06-28,123.554,130.138
2022-06-27,123.489,130.073
2022-06-24,122.569,129.153
2022-06-23,122.527,129.111
2022-06-22,122.412,129.011
2022-06-21,122.401,128.986
2022-06-16,121.614,128.192
2022-06-15,121.458,128.028
2022-06-14,121.072,127.623
2022-06-13,121.028,127.603
2022-06-10,120.517,127.091
2022-06-09,120.425,126.999
2022-06-08,120.2,126.772
2022-06-07,120.081,126.652
2022-06-06,120.028,126.599
2022-06-03,119.688,125.568
2022-06-02,119.378,125.952
2022-06-01,119.305,125.878
2022-05-30,118.904,125.479
2022-05-27,118.235,124.809
2022-05-26,118.041,124.618
2022-05-24,117.878,124.454
2022-05-23,117.757,124.333
2022-05-20,117.342,123.914
2022-05-19,117.198,123.771
2022-05-17,116.971,123.546
2022-05-16,116.688,123.266
2022-05-13,116.573,123.108
2022-05-12,116.122,122.696
2022-05-11,115.934,122.499
2022-05-10,115.752,122.323
2022-05-09,115.588,122.159
2022-05-06,115.436,121.968
2022-05-05,115.161,121.732
2022-05-04,114.879,121.448
2022-05-03,114.743,121.334
2022-05-02,114.471,120.967
2022-04-29,114.065,120.642
2022-04-28,113.717,120.291
2022-04-27,113.559,120.133
2022-04-26,113.527,120.101
2022-04-25,113.224,119.777
2022-04-22,113.14,119.691
2022-04-21,113.008,119.582
2022-04-20,112.581,119.155
2022-04-19,112.46,119.034
2022-04-18,112.303,118.88
2022-04-13,111.861,118.39
2022-04-12,111.56,118.087
2022-04-11,111.488,118.016
2022-04-08,111.161,117.688
2022-04-07,111.12,117.65
2022-04-06,110.803,117.331
2022-04-05,110.385,117.095
2022-04-04,110.496,117.023
2022-04-01,110.113,116.641
2022-03-31,109.921,116.449
2022-03-30,109.783,116.309
2022-03-29,109.68,116.209
2022-03-28,109.657,116.185
2022-03-25,109.149,115.678
2022-03-23,109.084,115.609
2022-03-22,108.892,115.419
2022-03-21,108.829,115.353
2022-03-18,108.41,114.934
2022-03-17,108.404,114.907
2022-03-16,108.357,114.881
2022-03-15,108.293,114.819
2022-03-14,108.194,114.721
2022-03-11,107.962,114.489
2022-03-10,107.924,114.498
2022-03-09,107.845,114.372
2022-03-08,107.531,114.057
2022-03-07,107.417,113.944
2022-03-04,107.166,113.693
2022-03-03,106.956,113.483
2022-03-02,106.801,113.326
2022-02-25,106.425,112.951
2022-02-24,106.406,112.888
2022-02-23,106.302,112.829
2022-02-22,106.269,112.795
2022-02-21,106.185,112.711
2022-02-18,105.951,112.478
2022-02-17,105.719,112.244
2022-02-16,105.678,112.205
2022-02-15,105.653,112.171
2022-02-14,105.484,112.009
2022-02-11,105.144,111.67
2022-02-10,105.085,111.61
2022-02-09,105.021,111.516
2022-02-08,104.965,111.489
2022-02-07,104.976,111.457
2022-02-04,104.68,111.365
2022-02-03,104.612,110.918
2022-02-02,104.493,110.915
2022-02-01,104.41,110.754
2022-01-31,104.346,110.711
2022-01-28,104.311,110.676
2022-01-27,104.128,110.496
2022-01-26,103.788,110.146
2022-01-25,103.746,110.109
2022-01-24,103.72,110.084
2022-01-21,103.494,109.785
2022-01-20,103.396,109.711
2022-01-19,103.351,109.667
2022-01-18,103.256,109.638
2022-01-17,103.19,109.457
2022-01-14,102.905,109.213
2022-01-13,102.793,109.109
2022-01-12,102.736,109.052
2022-01-11,102.651,108.969
2022-01-10,102.648,108.964
2022-01-07,102.6,108.855
2022-01-06,102.409,108.722
2022-01-05,102.317,108.628
2022-01-04,102.298,108.607
2022-01-03,102.161,108.477
2021-12-30,101.985,108.292
2021-12-29,101.844,108.159
2021-12-28,101.815,108.139
2021-12-27,101.702,107.94
2021-12-23,101.502,107.735
2021-12-22,101.597,107.794
2021-12-21,101.388,107.727
2021-12-20,101.299,107.606
2021-12-17,101.275,107.57
2021-12-16,101.231,107.548
2021-12-15,101.198,107.513
2021-12-14,101.175,107.49
2021-12-13,101.066,107.384
2021-12-10,100.984,107.299
2021-12-09,100.937,107.261
2021-12-07,100.551,106.883
2021-12-06,100.314,106.649
2021-12-03,100.297,106.625
2021-12-02,100.268,106.603
2021-12-01,100.282,106.55
2021-11-30,100.17,106.482
2021-11-29,100.082,106.409
2021-11-26,99.866,106.17
2021-11-25,99.854,106.158
2021-11-24,99.84,106.082
2021-11-23,99.786,106.09
2021-11-19,99.651,105.963
2021-11-18,99.645,105.949
2021-11-17,99.628,105.939
2021-11-16,99.692,105.919
2021-11-15,99.303,105.882
2021-11-12,99.504,105.82
2021-11-11,99.478,105.794
2021-11-10,99.359,105.674
2021-11-09,99.312,105.627
2021-11-08,99.266,105.582
2021-11-05,99.126,105.45
2021-11-04,99.17,105.402
2021-11-03,99.069,105.384
2021-11-02,99.033,105.356
2021-11-01,99.036,105.348
2021-10-29,98.968,105.225
2021-10-28,98.831,105.15
2021-10-27,98.819,105.13
2021-10-26,98.735,105.045
2021-10-25,98.729,105.039
2021-10-22,98.67,104.943
2021-10-21,98.58,104.89
2021-10-20,98.57,104.88
2021-10-19,98.569,104.879
2021-10-18,98.484,104.793
2021-10-15,98.392,104.699
2021-10-14,98.353,104.587
2021-10-13,98.326,104.635
2021-10-12,98.355,104.47
2021-10-07,98.224,104.535
2021-10-06,98.222,104.532
2021-10-05,98.222,104.532
2021-10-04,98.096,104.335
2021-10-01,97.999,104.253
2021-09-30,97.995,104.3
2021-09-29,97.894,104.199
2021-09-28,97.888,104.194
2021-09-27,97.878,104.183
2021-09-24,97.812,104.118
2021-09-23,97.806,104.103
2021-09-22,97.797,104.103
2021-09-21,97.792,104.256
2021-09-20,97.788,104.087
2021-09-17,97.474,103.771
2021-09-16,97.551,103.579
2021-09-15,97.4,103.706
2021-09-14,97.316,103.617
2021-09-13,97.315,103.624
2021-09-10,97.246,103.555
2021-09-09,97.234,103.543
2021-09-08,97.218,103.527
2021-09-07,97.151,103.42
2021-09-06,97.143,103.452
2021-09-03,97.016,103.325
2021-09-02,96.998,103.307
2021-09-01,96.911,103.22
2021-08-31,96.831,103.14
2021-08-30,96.799,103.109
2021-08-27,96.731,102.974
2021-08-26,96.738,102.969
2021-08-25,96.546,102.788
2021-08-24,96.543,102.786
2021-08-23,96.518,102.76
2021-08-20,96.391,102.635
2021-08-19,96.367,102.611
2021-08-18,96.324,102.568
2021-08-17,96.323,102.568
2021-08-13,96.299,102.532
2021-08-12,96.202,102.364
2021-08-11,96.083,102.344
2021-08-10,95.947,102.338
2021-08-09,96.049,102.325
2021-08-06,96.06,102.302
2021-08-05,96.035,102.279
2021-08-04,95.934,102.25
2021-08-03,95.932,102.177
2021-08-02,95.882,102.115
2021-07-30,95.822,102.063
2021-07-29,95.747,101.986
2021-07-28,95.752,102.007
2021-07-27,95.713,101.953
2021-07-26,95.542,101.824
2021-07-23,95.533,101.75
2021-07-22,95.536,101.687
2021-07-21,95.526,101.762
2021-07-20,95.468,101.751
2021-07-19,95.436,101.719
2021-07-16,95.372,101.654
2021-07-15,95.361,101.643
2021-07-14,95.343,101.627
2021-07-13,95.189,101.482
2021-07-12,95.13,101.418
2021-07-08,95.064,101.347
2021-07-07,95.057,101.34
2021-07-06,95.042,101.326
2021-07-05,94.995,101.277
2021-07-02,94.904,101.193
2021-07-01,94.889,101.193
2021-06-30,94.89,101.17
2021-06-29,94.858,101.138
2021-06-28,94.745,101.104
2021-06-25,94.657,100.989
2021-06-24,94.612,100.891
2021-06-23,94.605,100.885
2021-06-22,94.471,100.694
2021-06-18,94.435,100.714
2021-06-17,94.435,100.705
2021-06-16,94.414,100.617
2021-06-15,94.385,100.665
2021-06-14,94.255,100.534
2021-06-11,94.079,100.392
2021-06-10,94.09,100.369
2021-06-09,94.09,100.36
2021-06-08,94.071,100.374
2021-06-07,94.078,100.366
2021-06-04,93.997,100.276
2021-06-03,93.983,100.263
2021-06-02,93.975,100.255
2021-06-01,93.945,100.228
2021-05-31,93.804,100.092
2021-05-28,93.752,100.035
2021-05-27,93.736,100.023
2021-05-26,93.673,99.956
2021-05-21,93.43,99.713
2021-05-20,93.425,99.708
2021-05-19,93.411,99.695
2021-05-18,93.356,99.64
2021-05-17,93.356,99.64
2021-05-14,93.206,99.509
2021-05-13,93.235,99.51
2021-05-12,93.235,99.51
2021-05-11,93.227,99.502
2021-05-10,93.227,99.501
2021-05-07,93.142,99.425
2021-05-06,93.127,99.338
2021-05-05,93.054,99.329
2021-05-04,93.014,99.297
2021-05-03,92.924,99.209
2021-04-30,92.703,98.898
2021-04-29,92.679,98.967
2021-04-28,92.624,98.91
2021-04-27,92.6,98.885
2021-04-26,92.599,98.885
2021-04-23,92.491,98.776
2021-04-22,92.349,98.635
2021-04-21,92.324,98.61
2021-04-20,92.308,98.594
2021-04-19,92.302,98.592
2021-04-16,92.234,98.519
2021-04-15,92.187,98.474
2021-04-14,92.148,98.315
2021-04-13,92.033,98.33
2021-04-12,92.017,98.314
2021-04-09,91.929,98.21
2021-04-08,91.91,98.196
2021-04-07,91.907,98.193
2021-04-06,91.815,98.1
2021-04-05,91.815,98.103
2021-03-31,91.536,97.685
2021-03-30,91.454,97.605
2021-03-29,91.456,97.608
2021-03-26,91.262,97.565
2021-03-25,91.174,97.454
2021-03-23,91.194,97.326
2021-03-22,90.963,97.095
2021-03-19,90.721,96.984
2021-03-18,90.703,96.825
2021-03-17,90.626,96.756
2021-03-16,90.561,96.807
2021-03-15,90.435,96.691
2021-03-12,90.241,96.494
2021-03-11,90.197,96.448
2021-03-10,90.202,96.308
2021-03-09,89.903,96.068
2021-03-08,89.756,95.997
2021-03-05,89.578,95.685
2021-03-04,89.51,95.751
2021-03-03,89.314,95.637
2021-03-02,89.427,95.668
2021-03-01,89.383,95.489
2021-02-26,88.873,95.118
2021-02-25,88.831,95.076
2021-02-24,88.759,95.018
2021-02-23,88.715,94.826
2021-02-22,88.469,94.768
2021-02-19,88.132,94.402
2021-02-18,88.048,94.293
2021-02-17,87.986,94.231
2021-02-12,87.707,93.952
2021-02-11,87.755,93.866
2021-02-10,87.615,93.726
2021-02-09,87.335,93.58
2021-02-08,87.322,93.567
2021-02-05,87.072,93.317
2021-02-04,86.946,93.189
2021-02-03,86.854,92.962
2021-02-02,86.817,93.062
2021-02-01,86.74,92.985
2021-01-29,86.585,92.701
2021-01-28,86.201,92.581
2021-01-27,86.176,92.444
2021-01-26,86.147,92.395
2021-01-25,86.106,92.354
2021-01-22,85.756,92.004
2021-01-21,85.663,91.911
2021-01-20,85.531,91.764
2021-01-19,85.498,91.766
2021-01-18,85.181,91.309
2021-01-15,84.896,91.143
2021-01-14,84.95,91.187
2021-01-13,84.934,91.031
2021-01-12,84.828,91.074
2021-01-11,84.739,90.987
2021-01-08,84.511,90.79
2021-01-07,84.44,90.726
2021-01-06,84.375,90.548
2021-01-05,84.278,90.546
2021-01-04,83.98,90.218
2020-12-30,83.768,89.87
2020-12-29,83.461,89.701
2020-12-28,82.989,89.239
2020-12-23,82.678,88.924
2020-12-22,82.554,88.8
2020-12-21,82.515,88.763
2020-12-18,82.019,88.264
2020-12-17,81.933,88.18
2020-12-16,81.879,88.126
2020-12-15,81.88,88.116
2020-12-14,81.934,87.959
2020-12-11,81.737,87.85
2020-12-10,81.589,87.838
2020-12-09,81.13,87.38
2020-12-04,80.918,87.168
2020-12-03,80.887,87.138
2020-12-02,80.883,87.004
2020-12-01,80.619,86.946
2020-11-30,80.42,86.721
2020-11-27,80.311,86.611
2020-11-26,80.227,86.527
2020-11-25,79.882,86.189
2020-11-24,79.835,86.127
2020-11-20,79.606,85.907
2020-11-19,79.44,85.74
2020-11-18,79.387,85.569
2020-11-17,79.304,85.604
2020-11-16,79.302,85.602
2020-11-13,78.965,85.265
2020-11-12,78.902,85.14
2020-11-11,78.934,85.042
2020-11-10,78.941,85.03
2020-11-09,78.713,84.951
2020-11-05,78.396,84.634
2020-11-04,78.383,84.619
2020-11-03,78.349,84.517
2020-11-02,78.155,84.412
2020-10-30,77.699,83.89
2020-10-29,77.604,83.903
2020-10-28,77.602,83.9
2020-10-27,77.588,83.887
2020-10-26,77.58,83.895
2020-10-23,77.556,83.847
2020-10-22,77.485,83.778
2020-10-21,77.184,83.316
2020-10-20,77.052,83.272
2020-10-19,76.997,83.212
2020-10-16,76.987,83.204
2020-10-15,76.77,82.993
2020-10-14,76.743,82.954
2020-10-13,76.691,82.925
2020-10-09,76.53,82.738
2020-10-08,76.499,82.793
2020-10-07,76.523,82.721
2020-10-06,76.668,82.717
2020-10-05,76.59,82.639
2020-10-02,76.47,82.439
2020-10-01,75.757,80.804
2020-09-30,75.436,80.625
2020-09-29,75.203,80.235
2020-09-28,75.122,80.155
2020-09-25,75.011,80.048
2020-09-24,74.985,79.993
2020-09-23,74.883,79.891
2020-09-22,74.851,79.859
2020-09-21,74.703,79.711
2020-09-18,74.851,79.594
2020-09-17,74.579,79.587
2020-09-16,74.544,79.552
2020-09-15,74.393,79.356
2020-09-14,74.28,79.244
2020-09-11,74.172,79.131
2020-09-10,74.111,79.071
2020-09-09,74.081,79.045
2020-09-08,74.064,79.028
2020-09-07,73.981,78.944
2020-09-04,73.677,78.638
2020-09-03,73.652,78.632
2020-09-02,73.646,78.626
2020-09-01,73.524,78.498
2020-08-31,73.388,78.362
2020-08-28,73.212,78.176
2020-08-27,73.162,78.127
2020-08-26,72.988,77.951
2020-08-25,72.975,77.938
2020-08-24,72.983,77.946
2020-08-21,72.846,77.802
2020-08-20,72.792,77.765
2020-08-19,72.734,77.698
2020-08-18,72.579,77.543
2020-08-14,72.439,77.394
2020-08-13,72.466,77.415
2020-08-12,72.358,77.321
2020-08-11,72.213,77.167
2020-08-10,72.177,77.132
2020-08-07,71.944,76.908
2020-08-06,71.936,76.89
2020-08-05,71.931,76.885
2020-08-04,71.739,76.694
2020-08-03,71.696,76.64
2020-07-31,71.431,76.386
2020-07-30,71.324,76.271
2020-07-29,71.112,76.056
2020-07-28,71.148,76.102
2020-07-27,71.046,75.999
2020-07-24,70.956,75.916
2020-07-23,70.901,75.861
2020-07-22,70.717,75.663
2020-07-21,70.716,75.641
2020-07-20,70.636,75.562
2020-07-17,70.327,75.253
2020-07-16,70.281,75.214
2020-07-15,70.287,75.212
2020-07-14,70.177,75.093
2020-07-13,70.068,74.985
2020-07-08,69.788,74.715
2020-07-07,69.71,74.637
2020-07-06,69.68,74.607
2020-07-03,69.393,74.319
2020-07-02,69.266,74.181
2020-07-01,69.218,74.127
2020-06-30,69.156,74.074
2020-06-29,68.894,73.862
2020-06-26,68.677,73.557
2020-06-25,68.631,73.532
2020-06-24,68.601,73.514
2020-06-23,68.547,73.436
2020-06-22,68.264,73.129
2020-06-19,68.163,73.077
2020-06-18,68.074,72.976
2020-06-17,67.969,72.856
2020-06-16,67.796,72.683
2020-06-12,67.625,72.501
2020-06-11,67.471,72.342
2020-06-10,67.324,72.195
2020-06-09,67.236,72.039
2020-06-08,67.005,71.876
2020-06-05,66.604,71.48
2020-06-04,66.278,71.15
2020-06-03,66.069,70.916
2020-06-02,66.137,71.01
2020-06-01,65.863,70.715
2020-05-29,65.892,70.758
2020-05-28,65.823,70.687
2020-05-27,65.765,70.63
2020-05-26,65.739,70.608
2020-05-22,65.716,70.58
2020-05-21,65.539,70.383
2020-05-20,65.471,70.33
2020-05-19,65.446,70.316
2020-05-18,65.397,70.262
2020-05-15,65.187,70.058
2020-05-14,65.225,70.053
2020-05-13,64.969,69.838
2020-05-12,64.754,69.657
2020-05-11,64.745,69.633
2020-05-08,64.758,69.627
2020-05-07,64.674,69.539
2020-05-06,64.59,69.465
2020-05-05,64.471,69.314
2020-05-04,64.315,69.159
2020-04-30,64.353,69.163
2020-04-29,64.165,69.067
2020-04-28,64.114,68.971
2020-04-27,64.045,68.894
2020-04-24,63.794,68.687
2020-04-23,63.593,68.441
2020-04-22,63.595,68.433
2020-04-21,63.644,68.344
2020-04-20,63.32,67.96
2020-04-17,63.108,67.955
2020-04-16,63.018,67.87
2020-04-15,62.754,67.6
2020-04-14,62.686,67.528
2020-04-13,62.535,67.434
2020-04-08,62.152,67.074
2020-04-07,62.205,67.091
2020-04-06,62.081,66.974
2020-04-03,61.987,66.847
2020-04-02,61.64,66.512
2020-04-01,61.72,66.614
2020-03-30,61.688,66.58
2020-03-27,61.511,66.438
2020-03-26,61.235,66.134
2020-03-25,60.97,65.846
2020-03-20,61.008,65.908
2020-03-19,60.684,65.586
2020-03-18,60.573,65.464
2020-03-17,60.113,64.96
2020-03-16,60.216,65.089
2020-03-13,60.153,65.052
2020-03-12,60.133,65.021
2020-03-11,59.855,64.743
2020-03-10,59.831,64.719
2020-03-09,59.821,64.71
2020-03-06,59.549,64.709
2020-03-05,59.533,64.414
2020-03-04,59.633,64.533
2020-03-03,59.61,64.51
2020-03-02,59.484,64.389
2020-02-28,59.361,64.26
2020-02-27,59.164,64.033
2020-02-26,59.2,64.088
2020-02-21,59.067,63.986
2020-02-20,58.978,63.866
2020-02-19,58.819,63.709
2020-02-18,58.755,63.662
2020-02-17,58.839,63.778
2020-02-14,58.821,63.734
2020-02-13,58.775,63.656
2020-02-12,58.735,63.624
2020-02-11,58.591,63.462
2020-02-10,58.424,63.314
2020-02-07,58.174,63.047
2020-02-06,58.133,63.011
2020-02-05,58.188,63.097
2020-02-04,58.174,63.074
2020-02-03,58.152,63.054
2020-01-31,58.129,63.029
2020-01-30,58.094,62.973
2020-01-29,58.091,62.97
2020-01-28,58.091,63.065
2020-01-27,58.087,62.973
2020-01-24,58.083,62.979
2020-01-23,58.083,62.979
2020-01-22,58.083,62.979
2020-01-21,58.082,62.978
2020-01-20,58.086,62.966
2020-01-17,58.086,62.966
2020-01-16,58.086,62.966
2020-01-15,58.081,62.977
2020-01-14,58.067,62.97
2020-01-13,58.058,62.96
2020-01-10,58.061,62.957
2020-01-09,58.072,62.981
2020-01-08,58.083,62.985
2020-01-07,58.08,62.989
2020-01-06,58.08,62.989
2020-01-03,58.098,62.982
2020-01-02,58.086,63.001
2019-12-30,58.114,62.985
2019-12-27,58.102,62.989
2019-12-26,58.089,62.99
2019-12-23,58.088,62.998
2019-12-20,58.054,62.99
2019-12-19,58.045,63.076
2019-12-18,58.041,63.081
2019-12-17,58.051,63.089
2019-12-16,58.032,63.088
2019-12-13,58.039,63.07
2019-12-12,58.025,63.091
2019-12-11,58.036,63.076
2019-12-10,58.041,63.04
2019-12-09,58.042,62.985
2019-12-06,57.996,62.937
2019-12-05,57.993,62.942
2019-12-04,57.993,62.942
2019-12-03,57.996,62.902
2019-12-02,57.979,62.925
2019-11-29,57.957,62.925
2019-11-28,57.949,62.875
2019-11-27,57.947,62.867
2019-11-26,57.947,62.867
2019-11-25,57.898,62.912
2019-11-22,57.896,62.903
2019-11-21,57.898,62.912
2019-11-20,57.895,62.9
2019-11-19,57.889,62.897
2019-11-15,57.906,62.929
2019-11-14,57.949,62.971
2019-11-13,57.968,63.001
2019-11-12,57.953,62.986
2019-11-11,57.951,63.074
2019-11-08,57.978,63.054
2019-11-07,58.124,63.219
2019-11-05,58.241,63.26
2019-11-04,58.241,63.329
2019-11-01,58.408,63.354
2019-10-31,58.248,63.228
2019-10-30,58.45,63.426
2019-10-29,58.438,63.419
2019-10-28,58.445,63.457
2019-10-25,60.193,65
2019-10-24,58.935,63.34
2019-10-23,58.331,62.373
2019-10-22,57.295,61.325
2019-10-21,56.894,60.995
2019-10-18,56.648,60.731
2019-10-17,56.493,60.585
2019-10-16,56.45,60.537
2019-10-15,56.342,60.438
2019-10-11,56.182,60.313
2019-10-10,56.175,60.307
2019-10-09,56.148,60.297
2019-10-08,56.096,60.243
2019-10-07,56.067,60.191
2019-10-04,55.964,60.093
2019-10-03,56.097,60.226
2019-10-02,56.107,60.221
2019-10-01,55.883,60.095
2019-09-30,55.657,59.818
2019-09-27,55.395,59.556
2019-09-26,55.348,59.511
2019-09-25,55.136,59.339
2019-09-24,55.126,59.338
2019-09-23,55.076,59.321
2019-09-20,54.868,59.081
2019-09-19,54.989,59.071
2019-09-18,54.926,59.147
2019-09-17,54.918,59.065
2019-09-16,54.489,58.774
2019-09-13,54.211,58.443
2019-09-12,54.254,58.407
2019-09-11,53.98,58.236
2019-09-10,53.885,58.13
2019-09-09,53.878,58.153
2019-09-06,53.797,58.023
2019-09-05,53.871,58.207
2019-09-04,53.577,58.061
2019-09-03,53.458,58.486
2019-09-02,53.319,58.411
2019-08-30,57.561,62.035
2019-08-29,56.157,60.304
2019-08-28,56.275,60.171
2019-08-27,54.696,58.66
2019-08-26,53.033,57.206
2019-08-23,53.091,57.307
2019-08-22,52.809,57.237
2019-08-21,52.646,57.266
2019-08-20,52.355,57.378
2019-08-16,53.104,58.123
2019-08-15,54.651,59.717
2019-08-14,56.833,62.176
2019-08-13,53.263,58.328
2019-08-12,51.23,57.297
2019-08-09,44.239,46.547
2019-08-08,44.214,46.468
2019-08-07,44.533,46.803
2019-08-06,44.218,46.482
2019-08-05,44.427,46.685
2019-08-02,43.628,45.886
2019-08-01,43.304,45.549
2019-07-31,42.754,45.016
2019-07-30,42.791,45.059
2019-07-29,42.679,44.931
2019-07-26,42.255,44.515
2019-07-25,42.322,44.56
2019-07-24,41.807,44.056
2019-07-23,41.618,43.87
2019-07-22,41.356,43.608
2019-07-19,41.364,43.616
2019-07-18,41.36,43.612
2019-07-17,41.454,43.706
2019-07-16,41.546,43.779
2019-07-15,41.158,43.405
2019-07-12,40.597,42.849
2019-07-11,40.654,42.906
2019-07-10,40.839,43.091
2019-07-05,40.871,43.104
2019-07-04,40.654,42.887
2019-07-03,40.993,43.246
2019-07-02,41.185,43.452
2019-07-01,41.228,43.48
2019-06-28,41.441,43.703
2019-06-27,41.681,43.936
2019-06-26,41.695,43.949
2019-06-25,41.291,43.482
2019-06-24,41.432,43.668
2019-06-21,41.818,44.075
2019-06-19,42.243,44.499
2019-06-18,42.47,44.711
2019-06-14,42.913,45.169
2019-06-13,42.363,44.619
2019-06-12,42.666,44.879
2019-06-11,43.682,45.938
2019-06-10,43.901,46.138
2019-06-07,43.854,46.124
2019-06-06,43.865,46.12
2019-06-05,43.817,46.082
2019-06-04,43.701,45.956
2019-06-03,43.87,46.125
2019-05-31,43.849,46.1
2019-05-30,43.411,45.643
2019-05-29,43.462,45.776
2019-05-28,43.633,45.884
2019-05-27,43.84,46.09
2019-05-24,43.822,46.062
2019-05-23,44.024,46.263
2019-05-22,43.82,46.051
2019-05-21,43.81,46.042
2019-05-20,44.185,46.424
2019-05-17,43.96,46.2
2019-05-16,43.762,46.002
2019-05-15,43.927,46.164
2019-05-14,43.928,46.164
2019-05-13,44.176,46.389
2019-05-10,43.839,46.042
2019-05-09,44.285,46.491
2019-05-08,44.138,46.334
2019-05-07,44.153,46.359
2019-05-06,43.719,45.927
2019-05-03,43.382,45.553
2019-05-02,43.807,46.016
2019-04-30,43.152,45.358
2019-04-29,43.411,45.596
2019-04-26,44.713,46.904
2019-04-25,43.913,46.089
2019-04-24,42.861,44.919
2019-04-23,41.545,43.522
2019-04-22,41.719,43.694
2019-04-17,41.003,42.978
2019-04-16,41.404,43.376
2019-04-15,40.672,42.647
2019-04-12,41.316,43.289
2019-04-11,41.898,43.871
2019-04-10,42.096,44.069
2019-04-09,42.524,44.501
2019-04-08,42.864,44.838
2019-04-05,42.984,44.96
2019-04-04,42.433,44.406
2019-04-03,41.865,43.839
2019-04-01,41.883,43.858
2019-03-29,42.422,44.397
2019-03-28,42.672,44.652
2019-03-27,42.948,44.923
2019-03-26,41.698,43.671
2019-03-25,41.018,42.99
2019-03-22,40.888,42.862
2019-03-21,40.03,42.016
2019-03-20,39.969,41.954
2019-03-19,39.578,41.591
2019-03-18,39.031,41.016
2019-03-15,39.147,41.134
2019-03-14,39.777,41.764
2019-03-13,40.317,42.302
2019-03-12,40.53,42.516
2019-03-11,40.307,42.292
2019-03-08,40.282,42.267
2019-03-07,41.427,43.412
2019-03-06,39.769,41.711
2019-03-01,38.894,40.836
2019-02-28,38.201,40.135
2019-02-27,37.882,39.825
2019-02-26,37.999,39.953
2019-02-25,38.054,40.009
2019-02-22,38.263,40.205
2019-02-21,38.59,40.535
2019-02-20,38.757,40.71
2019-02-19,38.359,40.32
2019-02-18,37.854,39.803
2019-02-15,37.563,39.51
2019-02-14,37.351,39.303
2019-02-13,37.245,39.197
2019-02-12,36.993,38.944
2019-02-11,37.112,39.07
2019-02-08,36.949,38.898
2019-02-07,36.966,38.914
2019-02-06,36.574,38.404
2019-02-05,36.301,38.253
2019-02-04,36.304,38.262
2019-02-01,36.348,38.307
2019-01-31,36.322,38.277
2019-01-30,36.632,38.587
2019-01-29,36.618,38.573
2019-01-28,36.182,38.137
2019-01-25,36.234,38.186
2019-01-24,36.529,38.483
2019-01-23,36.622,38.576
2019-01-22,36.572,38.527
2019-01-21,36.741,38.69
2019-01-18,36.611,38.561
2019-01-17,36.79,38.739
2019-01-16,36.522,38.467
2019-01-15,36.252,38.197
2019-01-14,36.111,38.057
2019-01-11,36.086,38.031
2019-01-10,36.219,38.163
2019-01-09,36.554,38.499
2019-01-08,36.687,38.634
2019-01-07,36.455,38.403
2019-01-04,36.461,38.405
2019-01-03,36.567,38.511
2019-01-02,36.803,38.744
2018-12-28,36.906,38.849
2018-12-27,37.459,39.403
2018-12-26,37.54,39.484
2018-12-21,37.088,39.034
2018-12-20,37.105,39.049
2018-12-19,37.384,39.328
2018-12-18,37.248,39.185
2018-12-17,37.275,39.219
2018-12-14,37.082,39.027
2018-12-13,36.859,38.803
2018-12-12,36.672,38.616
2018-12-11,36.807,38.751
2018-12-10,36.804,38.754
2018-12-07,36.371,38.308
2018-12-06,36.723,38.667
2018-12-05,36.738,38.682
2018-12-04,36.393,38.318
2018-12-03,35.672,37.615
2018-11-29,36.805,38.805
2018-11-28,37.59,39.537
2018-11-27,37.642,39.582
2018-11-26,38.03,39.972
2018-11-23,36.566,38.507
2018-11-22,35.522,37.433
2018-11-21,35.322,37.245
2018-11-20,35.284,37.172
2018-11-16,35.077,36.978
2018-11-15,35.083,36.979
2018-11-14,35.096,36.998
2018-11-13,35.082,36.97
2018-11-12,34.521,36.423
2018-11-09,34.483,36.384
2018-11-08,34.63,36.532
2018-11-07,34.855,36.724
2018-11-05,34.698,36.6
2018-11-02,34.703,36.604
2018-11-01,34.874,36.775
2018-10-31,35.084,36.984
2018-10-30,35.882,37.782
2018-10-29,35.865,37.765
2018-10-26,35.96,37.845
2018-10-25,35.9,37.785
2018-10-24,35.975,37.876
2018-10-23,35.682,37.577
2018-10-22,35.521,37.42
2018-10-19,35.632,37.532
2018-10-18,35.607,37.507
2018-10-17,35.381,37.286
2018-10-16,35.206,37.111
2018-10-12,35.708,37.6
2018-10-11,35.869,37.769
2018-10-10,36.281,38.174
2018-10-09,36.291,38.178
2018-10-08,36.649,38.559
2018-10-05,37.021,38.908
2018-10-04,37.449,39.445
2018-10-03,36.754,38.732
2018-10-02,37.097,39.067
2018-10-01,38.764,40.74
2018-09-28,39.882,41.886
2018-09-27,38.603,40.529
2018-09-26,37.653,39.436
2018-09-25,37.069,38.882
2018-09-24,36.435,38.175
2018-09-21,36.395,38.136
2018-09-20,37.252,38.977
2018-09-19,38.388,40.124
2018-09-18,38.756,40.502
2018-09-17,38.655,40.408
2018-09-14,38.754,40.512
2018-09-13,38.435,40.223
2018-09-12,37.337,39.083
2018-09-11,36.985,38.713
2018-09-10,36.438,38.184
2018-09-07,36.066,37.811
2018-09-06,36.54,38.319
2018-09-05,37.481,39.246
2018-09-04,37.895,39.688
2018-09-03,37.169,38.986
2018-08-31,36.188,37.998
2018-08-30,37.872,39.775
2018-08-29,33.136,34.402
2018-08-28,30.978,32.055
2018-08-27,30.501,31.541
2018-08-24,30.42,31.469
2018-08-23,29.939,30.982
2018-08-22,29.77,30.817
2018-08-21,29.51,30.551
2018-08-17,29.385,30.425
2018-08-16,29.351,30.391
2018-08-15,29.617,30.68
2018-08-14,29.289,30.384
2018-08-13,29.591,30.68
2018-08-10,28.721,29.798
2018-08-09,27.664,28.696
2018-08-08,27.201,28.232
2018-08-07,26.998,28.031
2018-08-06,27.036,28.037
2018-08-03,26.973,28.005
2018-08-02,27.135,28.167
2018-08-01,27.193,28.225
2018-07-31,26.993,28.028
2018-07-30,26.963,28.017
2018-07-27,26.971,28.006
2018-07-26,27.009,28.043
2018-07-25,26.996,28.031
2018-07-24,27.102,28.136
2018-07-23,27.234,28.269
2018-07-20,27.195,28.271
2018-07-19,27.348,28.356
2018-07-18,27.244,28.321
2018-07-17,27.081,28.157
2018-07-16,26.922,28
2018-07-13,26.864,27.94
2018-07-12,26.838,27.915
2018-07-11,27.113,28.189
2018-07-10,26.971,28.049
2018-07-06,27.546,28.622
2018-07-05,27.672,28.749
2018-07-04,27.706,28.782
2018-07-03,27.588,28.666
2018-07-02,27.962,29.038
2018-06-29,28.552,29.57
2018-06-28,27.589,28.679
2018-06-27,26.96,28.051
2018-06-26,26.639,27.726
2018-06-25,26.573,27.664
2018-06-22,26.676,27.757
2018-06-21,27.106,28.194
2018-06-19,27.357,28.463
2018-06-18,27.301,28.411
2018-06-15,27.742,28.847
2018-06-14,27.263,28.428
2018-06-13,25.716,26.687
2018-06-12,25.412,26.382
2018-06-11,25.467,26.443
2018-06-08,24.993,25.952
2018-06-07,24.568,25.535
2018-06-06,24.507,25.466
2018-06-05,24.585,25.548
2018-06-04,24.591,25.554
2018-06-01,24.591,25.565
2018-05-31,24.591,25.514
2018-05-30,24.518,25.491
2018-05-29,24.503,25.473
2018-05-28,24.288,25.253
2018-05-24,24.2,25.164
2018-05-23,24.031,24.993
2018-05-22,23.905,24.864
2018-05-21,23.924,24.9
2018-05-18,24.039,25.052
2018-05-17,23.875,24.891
2018-05-16,23.775,24.801
2018-05-15,23.683,24.677
2018-05-14,24.461,25.51
2018-05-11,22.718,23.726
2018-05-10,22.436,23.221
2018-05-09,22.294,23.126
2018-05-08,22.049,22.903
2018-05-07,21.56,22.33
2018-05-04,21.515,22.28
2018-05-03,22.345,22.986
2018-05-02,20.936,21.524
2018-04-27,20.327,20.881
2018-04-26,20.296,20.837
2018-04-25,20.006,20.555
2018-04-24,19.989,20.539
2018-04-23,19.962,20.511
2018-04-20,19.932,20.479
2018-04-19,19.906,20.467
2018-04-18,19.899,20.446
2018-04-17,19.938,20.488
2018-04-16,19.963,20.513
2018-04-13,19.95,20.499
2018-04-12,19.934,20.483
2018-04-11,19.917,20.466
2018-04-10,19.948,20.499
2018-04-09,19.952,20.499
2018-04-06,19.947,20.496
2018-04-05,19.948,20.495
2018-04-04,19.942,20.489
2018-04-03,19.896,20.436
2018-03-28,19.894,20.443
2018-03-27,19.93,20.48
2018-03-26,19.936,20.471
2018-03-23,19.958,20.504
2018-03-22,20.017,20.571
2018-03-21,20.027,20.595
2018-03-20,19.995,20.545
2018-03-19,19.985,20.536
2018-03-16,19.983,20.532
2018-03-15,20.059,20.609
2018-03-14,19.97,20.516
2018-03-13,19.958,20.508
2018-03-12,19.96,20.51
2018-03-09,19.994,20.544
2018-03-08,20.128,20.677
2018-03-07,20.147,20.694
2018-03-06,20.068,20.614
2018-03-05,19.974,20.52
2018-03-02,19.998,20.54
2018-03-01,19.918,20.46
2018-02-28,19.885,20.421
2018-02-27,19.958,20.493
2018-02-26,19.949,20.481
2018-02-23,19.74,20.276
2018-02-22,19.734,20.271
2018-02-21,19.674,20.21
2018-02-20,19.635,20.172
2018-02-19,19.642,20.177
2018-02-15,19.489,20.02
2018-02-14,19.681,20.226
2018-02-09,19.816,20.349
2018-02-08,19.682,20.217
2018-02-07,19.426,19.951
2018-02-06,19.424,19.937
2018-02-05,19.287,19.796
2018-02-02,19.294,19.807
2018-02-01,19.193,19.707
2018-01-31,19.421,19.934
2018-01-30,19.384,19.897
2018-01-29,19.365,19.878
2018-01-26,19.334,19.847
2018-01-25,19.348,19.854
2018-01-24,19.429,19.929
2018-01-23,19.154,19.661
2018-01-22,18.924,19.424
2018-01-19,18.789,19.29
2018-01-18,18.646,19.146
2018-01-17,18.696,19.195
2018-01-16,18.69,19.19
2018-01-15,18.55,19.05
2018-01-12,18.506,19.006
2018-01-11,18.494,18.994
2018-01-10,18.46,18.96
2018-01-09,18.787,19.287
2018-01-08,18.843,19.338
2018-01-05,18.711,19.209
2018-01-04,18.452,18.957
2018-01-03,18.272,18.776
2018-01-02,18.234,18.739
2017-12-29,18.417,18.921
2017-12-28,18.96,19.46
2017-12-27,18.285,18.781
2017-12-26,18.117,18.607
2017-12-22,17.844,18.332
2017-12-21,17.75,18.218
2017-12-20,17.561,18.024
2017-12-19,17.481,17.95
2017-12-18,17.403,17.869
2017-12-15,17.344,17.808
2017-12-14,17.231,17.696
2017-12-13,17.174,17.641
2017-12-12,17.194,17.662
2017-12-11,17.098,17.564
2017-12-07,17.137,17.604
2017-12-06,17.13,17.598
2017-12-05,17.159,17.627
2017-12-04,17.146,17.606
2017-12-01,17.083,17.548
2017-11-30,17.162,17.629
2017-11-29,17.231,17.695
2017-11-28,17.164,17.632
2017-11-27,17.145,17.606
2017-11-24,17.196,17.66
2017-11-23,17.257,17.711
2017-11-22,17.264,17.726
2017-11-21,17.315,17.782
2017-11-17,17.313,17.771
2017-11-16,17.321,17.783
2017-11-15,17.33,17.79
2017-11-14,17.29,17.752
2017-11-13,17.329,17.796
2017-11-10,17.327,17.791
2017-11-09,17.339,17.803
2017-11-08,17.373,17.834
2017-11-07,17.464,17.928
2017-11-03,17.43,17.89
2017-11-02,17.365,17.83
2017-11-01,17.375,17.925
2017-10-31,17.466,17.933
2017-10-30,17.496,17.961
2017-10-27,17.466,17.928
2017-10-26,17.435,17.901
2017-10-25,17.292,17.757
2017-10-24,17.308,17.772
2017-10-23,17.205,17.667
2017-10-20,17.275,17.74
2017-10-19,17.258,17.723
2017-10-18,17.162,17.626
2017-10-17,17.179,17.641
2017-10-13,17.18,17.645
2017-10-12,17.256,17.731
2017-10-11,17.259,17.723
2017-10-10,17.264,17.725
2017-10-09,17.306,17.769
2017-10-06,17.297,17.76
2017-10-05,17.198,17.661
2017-10-04,17.175,17.639
2017-10-03,17.255,17.72
2017-10-02,17.222,17.687
2017-09-29,17.139,17.597
2017-09-28,17.324,17.786
2017-09-27,17.366,17.829
2017-09-26,17.384,17.849
2017-09-25,17.292,17.757
2017-09-22,17.126,17.589
2017-09-21,17.104,17.564
2017-09-20,16.967,17.421
2017-09-19,16.957,17.422
2017-09-18,16.897,17.36
2017-09-15,16.808,17.273
2017-09-14,16.83,17.286
2017-09-13,16.891,17.343
2017-09-12,16.915,17.374
2017-09-11,16.996,17.459
2017-09-08,17.022,17.483
2017-09-07,17.024,17.486
2017-09-06,17.029,17.494
2017-09-05,17.075,17.54
2017-09-04,17.08,17.545
2017-09-01,17.062,17.51
2017-08-31,17.142,17.605
2017-08-30,17.2,17.664
2017-08-29,17.183,17.645
2017-08-28,17.036,17.494
2017-08-25,17.022,17.485
2017-08-24,17.003,17.463
2017-08-23,17.046,17.507
2017-08-22,17.035,17.499
2017-08-18,17.101,17.565
2017-08-17,17.158,17.621
2017-08-16,17.012,17.474
2017-08-15,16.894,17.351
2017-08-14,17.014,17.468
2017-08-11,17.524,17.987
2017-08-10,17.524,17.987
2017-08-09,17.531,17.989
2017-08-08,17.512,17.975
2017-08-07,17.509,17.972
2017-08-04,17.475,17.938
2017-08-03,17.473,17.936
2017-08-02,17.389,17.858
2017-08-01,17.404,17.867
2017-07-31,17.48,17.937
2017-07-28,17.551,18.01
2017-07-27,17.404,17.861
2017-07-26,17.308,17.763
2017-07-25,17.243,17.662
2017-07-24,17.257,17.714
2017-07-21,17.2,17.659
2017-07-20,16.994,17.458
2017-07-19,17.007,17.457
2017-07-18,16.934,17.391
2017-07-17,16.733,17.193
2017-07-14,16.674,17.135
2017-07-13,16.802,17.259
2017-07-12,16.79,17.258
2017-07-11,16.839,17.3
2017-07-10,16.816,17.28
2017-07-07,16.828,17.292
2017-07-06,16.915,17.379
2017-07-05,16.955,17.399
2017-07-04,16.739,17.181
2017-07-03,16.617,17.057
2017-06-30,16.448,16.877
2017-06-29,16.318,16.751
2017-06-28,16.247,16.676
2017-06-27,16.23,16.663
2017-06-26,16.118,16.546
2017-06-23,15.985,16.42
2017-06-22,16.009,16.442
2017-06-21,16.097,16.53
2017-06-19,15.969,16.391
2017-06-16,15.869,16.289
2017-06-15,15.78,16.2
2017-06-14,15.71,16.13
2017-06-13,15.747,16.168
2017-06-12,15.757,16.177
2017-06-09,15.744,16.165
2017-06-08,15.793,16.213
2017-06-07,15.848,16.268
2017-06-06,15.852,16.271
2017-06-05,15.876,16.297
2017-06-02,15.874,16.302
2017-06-01,15.889,16.316
2017-05-31,15.955,16.377
2017-05-30,15.947,16.37
2017-05-29,15.868,16.291
2017-05-26,15.872,16.295
2017-05-24,15.916,16.339
2017-05-23,15.926,16.341
2017-05-22,15.983,16.407
2017-05-19,15.8,16.222
2017-05-18,15.84,16.27
2017-05-17,15.478,15.904
2017-05-16,15.462,15.89
2017-05-15,15.367,15.789
2017-05-12,15.308,15.732
2017-05-11,15.327,15.75
2017-05-10,15.407,15.83
2017-05-09,15.416,15.837
2017-05-08,15.276,15.702
2017-05-05,15.223,15.646
2017-05-04,15.222,15.644
2017-05-03,15.159,15.575
2017-05-02,15.188,15.611
2017-04-28,15.293,15.719
2017-04-27,15.314,15.735
2017-04-26,15.33,15.75
2017-04-25,15.303,15.726
2017-04-21,15.294,15.716
2017-04-20,15.273,15.695
2017-04-19,15.297,15.718
2017-04-18,15.129,15.554
2017-04-17,15.083,15.504
2017-04-12,15.066,15.491
2017-04-11,15.102,15.521
2017-04-10,15.137,15.554
2017-04-07,15.248,15.663
2017-04-06,15.26,15.682
2017-04-05,15.229,15.65
2017-04-04,15.264,15.688
2017-04-03,15.294,15.72
2017-03-31,15.277,15.634
2017-03-30,15.275,15.695
2017-03-29,15.322,15.742
2017-03-28,15.419,15.84
2017-03-27,15.463,15.883
2017-03-23,15.484,15.905
2017-03-22,15.476,15.897
2017-03-21,15.48,15.901
2017-03-20,15.511,15.931
2017-03-17,15.403,15.823
2017-03-16,15.405,15.826
2017-03-15,15.402,15.822
2017-03-14,15.393,15.814
2017-03-13,15.396,15.81
2017-03-10,15.382,15.788
2017-03-09,15.47,15.866
2017-03-08,15.489,15.885
2017-03-07,15.384,15.781
2017-03-06,15.311,15.708
2017-03-03,15.311,15.708
2017-03-02,15.291,15.688
2017-03-01,15.341,15.737
2017-02-24,15.37,15.763
2017-02-23,15.44,15.828
2017-02-22,15.416,15.804
2017-02-21,15.517,15.911
2017-02-20,15.591,15.986
2017-02-17,15.552,15.946
2017-02-16,15.293,15.682
2017-02-15,15.313,15.695
2017-02-14,15.417,15.796
2017-02-13,15.38,15.762
2017-02-10,15.427,15.814
2017-02-09,15.543,15.923
2017-02-08,15.573,15.956
2017-02-07,15.595,15.95
2017-02-06,15.619,15.975
2017-02-03,15.512,15.878
2017-02-02,15.569,15.919
2017-02-01,15.686,16.049
2017-01-31,15.771,16.143
2017-01-30,15.803,16.167
2017-01-27,15.783,16.149
2017-01-26,15.806,16.186
2017-01-25,15.816,16.18
2017-01-24,15.818,16.187
2017-01-23,15.796,16.159
2017-01-20,15.762,16.127
2017-01-19,15.822,16.193
2017-01-18,15.831,16.196
2017-01-17,15.758,16.123
2017-01-16,15.732,16.089
2017-01-13,15.725,16.083
2017-01-12,15.719,16.081
2017-01-11,15.751,16.114
2017-01-10,15.737,16.101
2017-01-09,15.711,16.075
2017-01-06,15.691,16.052
2017-01-05,15.862,16.234
2017-01-04,15.998,16.371
2017-01-03,15.785,16.158
2017-01-02,15.79,16.164
2016-12-30,15.759,16.126
2016-12-29,15.767,16.14
2016-12-28,15.522,15.886
2016-12-27,15.419,15.779
2016-12-26,15.436,15.798
2016-12-23,15.43,15.791
2016-12-22,15.648,16.013
2016-12-21,15.719,16.088
2016-12-20,15.682,16.053
2016-12-19,15.696,16.05
2016-12-16,15.807,16.161
2016-12-15,15.852,16.215
2016-12-14,15.824,16.17
2016-12-13,15.865,16.224
2016-12-12,15.915,16.278
2016-12-07,15.832,16.188
2016-12-06,15.771,16.131
2016-12-05,15.763,16.123
2016-12-02,15.74,16.102
2016-12-01,15.728,16.095
2016-11-30,15.734,16.1
2016-11-29,15.52,15.879
2016-11-25,15.397,15.751
2016-11-24,15.419,15.762
2016-11-23,15.388,15.75
2016-11-22,15.315,15.663
2016-11-21,15.288,15.632
2016-11-18,15.33,15.685
2016-11-17,15.324,15.679
2016-11-16,15.371,15.726
2016-11-15,15.373,15.73
2016-11-14,15.432,15.791
2016-11-11,15.13,15.483
2016-11-10,14.927,15.282
2016-11-09,14.806,15.159
2016-11-08,14.879,15.229
2016-11-07,14.884,15.234
2016-11-04,14.936,15.282
2016-11-03,14.974,15.324
2016-11-02,14.947,15.302
2016-11-01,14.994,15.348
2016-10-31,15.046,15.401
2016-10-28,15.065,15.417
2016-10-27,15.059,15.417
2016-10-26,15.067,15.426
2016-10-25,15.062,15.419
2016-10-24,14.972,15.331
2016-10-21,15.029,15.373
2016-10-20,15.042,15.399
2016-10-19,15.07,15.422
2016-10-18,15.066,15.425
2016-10-17,15.065,15.427
2016-10-14,15.016,15.369
2016-10-13,14.995,15.351
2016-10-12,15.003,15.357
2016-10-11,15.065,15.425
2016-10-07,15.088,15.443
2016-10-06,15.095,15.444
2016-10-05,15.068,15.421
2016-10-04,15.074,15.431
2016-10-03,15.065,15.418
2016-09-30,15.139,15.487
2016-09-29,15.232,15.591
2016-09-28,15.165,15.524
2016-09-27,15.088,15.447
2016-09-26,15.073,15.427
2016-09-23,15.017,15.374
2016-09-22,15.025,15.375
2016-09-21,15.003,15.354
2016-09-20,15.017,15.371
2016-09-19,14.99,15.349
2016-09-16,14.986,15.341
2016-09-15,14.905,15.258
2016-09-14,14.879,15.237
2016-09-13,14.931,15.291
2016-09-12,14.876,15.226
2016-09-09,14.893,15.247
2016-09-08,14.909,15.27
2016-09-07,14.9,15.253
2016-09-06,14.88,15.234
2016-09-05,14.851,15.212
2016-09-02,14.851,15.2
2016-09-01,14.782,15.132
2016-08-31,14.8,15.158
2016-08-30,14.929,15.289
2016-08-29,14.928,15.284
2016-08-26,14.833,15.185
2016-08-25,14.755,15.112
2016-08-24,14.764,15.117
2016-08-23,14.757,15.105
2016-08-22,14.755,15.113
2016-08-19,14.798,15.148
2016-08-18,14.778,15.139
2016-08-17,14.634,14.99
2016-08-16,14.562,14.92
2016-08-12,14.582,14.937
2016-08-11,14.568,14.923
2016-08-10,14.622,14.972
2016-08-09,14.671,15.03
2016-08-08,14.641,14.996
2016-08-05,14.721,15.077
2016-08-04,14.755,15.102
2016-08-03,14.739,15.089
2016-08-02,14.75,15.105
2016-08-01,14.869,15.221
2016-07-29,14.936,15.289
2016-07-28,14.905,15.259
2016-07-27,14.86,15.214
2016-07-26,14.811,15.165
2016-07-25,14.806,15.16
2016-07-22,14.809,15.161
2016-07-21,14.934,15.288
2016-07-20,14.873,15.228
2016-07-19,14.909,15.259
2016-07-18,15.003,15.354
2016-07-15,14.755,15.203
2016-07-14,14.577,14.939
2016-07-13,14.476,14.831
2016-07-12,14.501,14.859
2016-07-11,14.593,14.946
2016-07-07,14.564,14.922
2016-07-06,14.661,15.012
2016-07-05,14.839,15.194
2016-07-04,14.963,15.321
2016-07-01,14.972,15.332
2016-06-30,14.853,15.211
2016-06-29,14.812,15.167
2016-06-28,14.847,15.207
2016-06-27,15.056,15.415
2016-06-24,14.715,15.09
2016-06-23,14.188,14.542
2016-06-22,13.95,14.295
2016-06-21,13.8,14.156
2016-06-16,13.77,14.117
2016-06-15,13.663,14.013
2016-06-14,13.674,14.033
2016-06-13,13.724,14.072
2016-06-10,13.727,14.078
2016-06-09,13.748,14.094
2016-06-08,13.722,14.074
2016-06-07,13.721,14.07
2016-06-06,13.682,14.033
2016-06-03,13.782,14.138
2016-06-02,13.819,14.17
2016-06-01,13.877,14.219
2016-05-31,13.901,14.254
2016-05-30,13.88,14.234
2016-05-27,13.878,14.234
2016-05-26,13.938,14.296
2016-05-24,13.945,14.294
2016-05-23,13.924,14.279
2016-05-20,13.961,14.312
2016-05-19,14.002,14.36
2016-05-18,14.031,14.382
2016-05-17,14.027,14.383
2016-05-16,14.066,14.424
2016-05-13,14.083,14.436
2016-05-12,14.105,14.464
2016-05-11,14.143,14.495
2016-05-10,14.143,14.495
2016-05-09,14.12,14.48
2016-05-06,14.151,14.5
2016-05-05,14.172,14.516
2016-05-04,14.107,14.466
2016-05-03,14.105,14.464
2016-05-02,14.163,14.516
2016-04-29,14.158,14.51
2016-04-28,14.139,14.491
2016-04-27,14.117,14.471
2016-04-26,14.211,14.566
2016-04-25,14.239,14.592
2016-04-22,14.269,14.619
2016-04-21,14.315,14.661
2016-04-20,14.177,14.535
2016-04-19,14.073,14.427
2016-04-18,14.027,14.382
2016-04-15,14.123,14.478
2016-04-14,14.261,14.615
2016-04-13,14.279,14.633
2016-04-12,14.388,14.74
2016-04-11,14.393,14.74
2016-04-08,14.344,14.694
2016-04-07,14.41,14.765
2016-04-06,14.568,14.927
2016-04-05,14.557,14.915
2016-04-04,14.679,15.039
2016-04-01,14.642,14.997
2016-03-31,14.539,14.889
2016-03-30,14.478,14.835
2016-03-29,14.516,14.868
2016-03-28,14.627,14.975
2016-03-23,14.359,14.71
2016-03-22,14.267,14.631
2016-03-18,14.718,15.082
2016-03-17,14.658,15.037
2016-03-16,14.446,14.803
2016-03-15,14.478,14.845
2016-03-14,14.631,14.995
2016-03-11,14.84,15.198
2016-03-10,15.209,15.572
2016-03-09,15.233,15.59
2016-03-08,15.281,15.648
2016-03-07,15.232,15.59
2016-03-04,15.067,15.435
2016-03-03,15.108,15.478
2016-03-02,15.52,15.881
2016-03-01,15.705,16.072
2016-02-29,15.512,15.877
2016-02-26,15.24,15.689
2016-02-25,15.201,15.561
2016-02-24,15.182,15.547
2016-02-23,15.286,15.644
2016-02-22,15.01,15.366
2016-02-19,14.878,15.239
2016-02-18,14.882,15.238
2016-02-17,14.748,15.111
2016-02-16,14.625,14.986
2016-02-15,14.591,14.948
2016-02-12,14.584,14.948
2016-02-11,14.404,14.775
2016-02-10,14.332,14.705
2016-02-05,14.181,14.536
2016-02-04,14.004,14.375
2016-02-03,13.984,14.351
2016-02-02,13.95,14.32
2016-02-01,13.901,14.273
2016-01-29,13.754,14.131
2016-01-28,13.74,14.119
2016-01-27,13.723,14.102
2016-01-26,13.691,14.068
2016-01-25,13.638,14.017
2016-01-22,13.584,13.957
2016-01-21,13.449,13.829
2016-01-20,13.329,13.702
2016-01-19,13.318,13.687
2016-01-18,13.358,13.727
2016-01-15,13.349,13.717
2016-01-14,13.261,13.629
2016-01-13,13.453,13.822
2016-01-12,13.453,13.821
2016-01-11,13.69,14.059
2016-01-08,13.732,14.103
2016-01-07,13.788,14.158
2016-01-06,13.674,14.036
2016-01-05,13.487,13.877
2016-01-04,12.984,13.309
2015-12-31,13.1,13.4
2015-12-30,12.941,13.275
2015-12-29,12.936,13.27
2015-12-28,13.003,13.35
2015-12-23,12.988,13.354
2015-12-22,12.909,13.286
2015-12-21,12.875,13.266
2015-12-18,13.375,13.714
2015-12-17,13.57,13.931
2015-12-16,9.797,9.914
2015-12-15,9.654,9.905
2015-12-14,9.768,9.884
2015-12-11,9.756,9.872
2015-12-10,9.731,9.853
2015-12-09,9.709,9.827
2015-12-04,9.693,9.806
2015-12-03,9.682,9.794
2015-12-02,9.676,9.788
2015-12-01,9.665,9.777
2015-11-30,9.653,9.761
2015-11-26,9.653,9.764
2015-11-25,9.646,9.757
2015-11-24,9.643,9.752
2015-11-23,9.633,9.744
2015-11-20,9.631,9.742
2015-11-19,9.617,9.731
2015-11-18,9.608,9.716
2015-11-17,9.605,9.715
2015-11-16,9.593,9.704
2015-11-13,9.589,9.699
2015-11-12,9.573,9.685
2015-11-11,9.566,9.677
2015-11-10,9.554,9.666
2015-11-09,9.545,9.66
2015-11-05,9.539,9.651
2015-11-04,9.509,9.621
2015-11-03,9.528,9.64
2015-11-02,9.513,9.624
2015-10-30,9.504,9.611
2015-10-29,9.499,9.609
2015-10-28,9.494,9.605
2015-10-27,9.489,9.601
2015-10-26,9.485,9.597
2015-10-23,9.479,9.59
2015-10-22,9.473,9.583
2015-10-21,9.472,9.58
2015-10-20,9.462,9.572
2015-10-19,9.454,9.567
2015-10-16,9.452,9.565
2015-10-15,9.449,9.561
2015-10-14,9.445,9.558
2015-10-13,9.435,9.546
2015-10-09,9.43,9.54
2015-10-08,9.423,9.533
2015-10-07,9.42,9.528
2015-10-06,9.414,9.524
2015-10-05,9.409,9.52
2015-10-02,9.402,9.511
2015-10-01,9.398,9.509
2015-09-30,9.388,9.5
2015-09-29,9.374,9.482
2015-09-28,9.374,9.484
2015-09-25,9.366,9.476
2015-09-24,9.362,9.474
2015-09-23,9.357,9.468
2015-09-22,9.356,9.466
2015-09-21,9.346,9.458
2015-09-18,9.344,9.452
2015-09-17,9.329,9.438
2015-09-16,9.323,9.434
2015-09-15,9.324,9.432
2015-09-14,9.321,9.429
2015-09-11,9.316,9.428
2015-09-10,9.306,9.416
2015-09-09,9.304,9.412
2015-09-08,9.294,9.404
2015-09-07,9.296,9.404
2015-09-04,9.284,9.394
2015-09-03,9.285,9.393
2015-09-02,9.272,9.38
2015-09-01,9.271,9.377
2015-08-31,9.259,9.367
2015-08-28,9.247,9.355
2015-08-27,9.239,9.346
2015-08-26,9.23,9.338
2015-08-25,9.23,9.339
2015-08-24,9.223,9.332
2015-08-21,9.215,9.326
2015-08-20,9.211,9.321
2015-08-19,9.204,9.316
2015-08-18,9.205,9.313
2015-08-14,9.2,9.307
2015-08-13,9.196,9.305
2015-08-12,9.191,9.3
2015-08-11,9.186,9.295
2015-08-10,9.177,9.287
2015-08-07,9.174,9.282
2015-08-06,9.175,9.282
2015-08-05,9.162,9.274
2015-08-04,9.157,9.264
2015-08-03,9.156,9.264
2015-07-31,9.154,9.262
2015-07-30,9.142,9.25
2015-07-29,9.132,9.239
2015-07-28,9.129,9.237
2015-07-27,9.128,9.236
2015-07-24,9.123,9.233
2015-07-23,9.115,9.225
2015-07-22,9.114,9.223
2015-07-21,9.109,9.219
2015-07-20,9.105,9.215
2015-07-17,9.1,9.209
2015-07-16,9.091,9.205
2015-07-15,9.091,9.203
2015-07-14,9.087,9.195
2015-07-13,9.084,9.195
2015-07-10,9.079,9.19
2015-07-08,9.07,9.181
2015-07-07,9.061,9.17
2015-07-06,9.059,9.168
2015-07-03,9.053,9.162
2015-07-02,9.05,9.158
2015-07-01,9.045,9.153
2015-06-30,9.04,9.153
2015-06-29,9.034,9.144
2015-06-26,9.033,9.143
2015-06-25,9.027,9.139
2015-06-24,9.018,9.131
2015-06-23,9.013,9.123
2015-06-22,9.012,9.122
2015-06-19,9.008,9.118
2015-06-18,9.005,9.116
2015-06-17,8.998,9.108
2015-06-16,8.992,9.103
2015-06-15,8.991,9.101
2015-06-12,8.988,9.1
2015-06-11,8.979,9.09
2015-06-10,8.982,9.094
2015-06-09,8.979,9.084
2015-06-08,8.971,9.082
2015-06-05,8.968,9.079
2015-06-04,8.966,9.075
2015-06-03,8.959,9.069
2015-06-02,8.957,9.067
2015-06-01,8.947,9.059
2015-05-29,8.933,9.048
2015-05-28,8.935,9.047
2015-05-27,8.93,9.043
2015-05-26,8.92,9.033
2015-05-22,8.915,9.028
2015-05-21,8.906,9.031
2015-05-20,8.905,9.02
2015-05-19,8.898,9.009
2015-05-18,8.896,9.01
2015-05-15,8.893,9.006
2015-05-14,8.89,9.003
2015-05-13,8.883,8.997
2015-05-12,8.884,8.998
2015-05-11,8.878,8.991
2015-05-08,8.876,8.99
2015-05-07,8.866,8.979
2015-05-06,8.867,8.981
2015-05-05,8.865,8.983
2015-05-04,8.859,8.974
2015-04-30,8.847,8.963
2015-04-29,8.845,8.961
2015-04-28,8.841,8.955
2015-04-27,8.839,8.952
2015-04-24,8.836,8.951
2015-04-23,8.835,8.946
2015-04-22,8.826,8.941
2015-04-21,8.819,8.933
2015-04-20,8.821,8.935
2015-04-17,8.812,8.928
2015-04-16,8.814,8.929
2015-04-15,8.803,8.918
2015-04-14,8.803,8.916
2015-04-13,8.797,8.911
2015-04-10,8.796,8.911
2015-04-09,8.794,8.909
2015-04-08,8.78,8.894
2015-04-07,8.78,8.895
2015-04-06,8.777,8.892
2015-04-01,8.774,8.892
2015-03-31,8.774,8.878
2015-03-30,8.759,8.873
2015-03-27,8.754,8.87
2015-03-26,8.749,8.868
2015-03-25,8.746,8.86
2015-03-20,8.74,8.855
2015-03-19,8.741,8.855
2015-03-18,8.739,8.853
2015-03-17,8.735,8.852
2015-03-16,8.735,8.852
2015-03-13,8.731,8.845
2015-03-12,8.729,8.842
2015-03-11,8.719,8.832
2015-03-10,8.715,8.824
2015-03-09,8.71,8.824
2015-03-06,8.699,8.812
2015-03-05,8.72,8.836
2015-03-04,8.683,8.795
2015-03-03,8.684,8.797
2015-03-02,8.675,8.789
2015-02-27,8.674,8.785
2015-02-26,8.665,8.775
2015-02-25,8.666,8.777
2015-02-24,8.663,8.767
2015-02-23,8.651,8.761
2015-02-20,8.651,8.762
2015-02-19,8.647,8.761
2015-02-18,8.637,8.748
2015-02-13,8.637,8.748
2015-02-12,8.633,8.744
2015-02-11,8.623,8.733
2015-02-10,8.621,8.732
2015-02-09,8.614,8.724
2015-02-06,8.619,8.731
2015-02-05,8.612,8.722
2015-02-04,8.608,8.72
2015-02-03,8.613,8.726
2015-02-02,8.597,8.707
2015-01-30,8.584,8.695
2015-01-29,8.584,8.695
2015-01-28,8.584,8.695
2015-01-27,8.581,8.695
2015-01-26,8.576,8.686
2015-01-23,8.575,8.685
2015-01-22,8.567,8.676
2015-01-21,8.563,8.672
2015-01-20,8.559,8.669
2015-01-19,8.551,8.661
2015-01-16,8.55,8.66
2015-01-15,8.549,8.659
2015-01-14,8.545,8.655
2015-01-13,8.549,8.66
2015-01-12,8.543,8.652
2015-01-09,8.549,8.662
2015-01-08,8.539,8.648
2015-01-07,8.528,8.64
2015-01-06,8.512,8.624
2015-01-05,8.506,8.618
2015-01-02,8.498,8.607
2014-12-30,8.498,8.608
2014-12-29,8.498,8.608
2014-12-23,8.498,8.608
2014-12-22,8.498,8.608
2014-12-19,8.497,8.607
2014-12-18,8.497,8.607
2014-12-17,8.497,8.608
2014-12-16,8.497,8.607
2014-12-15,8.495,8.606
2014-12-12,8.498,8.608
2014-12-11,8.502,8.616
2014-12-10,8.494,8.603
2014-12-09,8.499,8.609
2014-12-05,8.496,8.602
2014-12-04,8.483,8.593
2014-12-03,8.486,8.6
2014-12-02,8.48,8.594
2014-12-01,8.47,8.58
2014-11-28,8.468,8.581
2014-11-27,8.471,8.585
2014-11-26,8.47,8.582
2014-11-25,8.46,8.571
2014-11-21,8.465,8.576
2014-11-20,8.463,8.578
2014-11-19,8.464,8.575
2014-11-18,8.482,8.599
2014-11-17,8.464,8.576
2014-11-14,8.458,8.569
2014-11-13,8.464,8.575
2014-11-12,8.463,8.575
2014-11-11,8.457,8.568
2014-11-10,8.457,8.567
2014-11-07,8.454,8.565
2014-11-05,8.453,8.563
2014-11-04,8.458,8.569
2014-11-03,8.454,8.566
2014-10-31,8.446,8.556
2014-10-30,8.445,8.556
2014-10-29,8.443,8.556
2014-10-28,8.437,8.548
2014-10-27,8.44,8.552
2014-10-24,8.437,8.55
2014-10-23,8.439,8.552
2014-10-22,8.44,8.552
2014-10-21,8.43,8.541
2014-10-20,8.43,8.542
2014-10-17,8.422,8.535
2014-10-16,8.421,8.532
2014-10-15,8.426,8.546
2014-10-14,8.428,8.55
2014-10-10,8.419,8.532
2014-10-09,8.419,8.539
2014-10-08,8.425,8.547
2014-10-07,8.418,8.537
2014-10-06,8.413,8.534
2014-10-03,8.425,8.542
2014-10-02,8.412,8.531
2014-10-01,8.425,8.541
2014-09-30,8.414,8.533
2014-09-29,8.409,8.528
2014-09-26,8.388,8.513
2014-09-25,8.389,8.511
2014-09-24,8.382,8.502
2014-09-23,8.383,8.502
2014-09-22,8.38,8.499
2014-09-19,8.39,8.505
2014-09-18,8.385,8.507
2014-09-17,8.364,8.483
2014-09-16,8.362,8.475
2014-09-15,8.366,8.484
2014-09-12,8.366,8.484
2014-09-11,8.358,8.476
2014-09-10,8.364,8.483
2014-09-09,8.362,8.478
2014-09-08,8.362,8.478
2014-09-05,8.36,8.476
2014-09-04,8.365,8.482
2014-09-03,8.363,8.479
2014-09-02,8.358,8.474
2014-09-01,8.36,8.474
2014-08-29,8.36,8.474
2014-08-28,8.366,8.482
2014-08-27,8.36,8.474
2014-08-26,8.36,8.474
2014-08-25,8.364,8.478
2014-08-22,8.363,8.477
2014-08-21,8.31,8.426
2014-08-20,8.248,8.362
2014-08-19,8.227,8.338
2014-08-15,8.223,8.339
2014-08-14,8.218,8.332
2014-08-13,8.218,8.329
2014-08-12,8.217,8.332
2014-08-11,8.217,8.332
2014-08-08,8.213,8.328
2014-08-07,8.213,8.328
2014-08-06,8.211,8.326
2014-08-05,8.207,8.322
2014-08-04,8.19,8.304
2014-08-01,8.169,8.28
2014-07-31,8.153,8.268
2014-07-30,8.139,8.254
2014-07-29,8.135,8.247
2014-07-28,8.128,8.243
2014-07-25,8.129,8.248
2014-07-24,8.117,8.236
2014-07-23,8.121,8.234
2014-07-22,8.112,8.223
2014-07-21,8.106,8.222
2014-07-18,8.105,8.217
2014-07-17,8.1,8.214
2014-07-16,8.1,8.214
2014-07-15,8.102,8.217
2014-07-14,8.099,8.212
2014-07-11,8.098,8.211
2014-07-10,8.092,8.205
2014-07-08,8.089,8.202
2014-07-07,8.089,8.202
2014-07-04,8.089,8.202
2014-07-03,8.089,8.202
2014-07-02,8.088,8.201
2014-07-01,8.088,8.198
2014-06-30,8.085,8.2
2014-06-27,8.086,8.2
2014-06-26,8.084,8.2
2014-06-25,8.084,8.199
2014-06-24,8.084,8.2
2014-06-23,8.084,8.2
2014-06-19,8.085,8.201
2014-06-18,8.084,8.199
2014-06-17,8.084,8.2
2014-06-16,8.083,8.199
2014-06-13,8.082,8.198
2014-06-12,8.084,8.201
2014-06-11,8.081,8.198
2014-06-10,8.082,8.198
2014-06-09,8.084,8.201
2014-06-06,8.082,8.196
2014-06-05,8.066,8.182
2014-06-04,8.054,8.172
2014-06-03,8.029,8.145
2014-06-02,8.024,8.138
2014-05-30,8.023,8.143
2014-05-29,8.02,8.137
2014-05-28,8.02,8.137
2014-05-27,8.015,8.132
2014-05-26,8.012,8.129
2014-05-23,8.015,8.13
2014-05-22,8.012,8.125
2014-05-21,8.012,8.126
2014-05-20,8.011,8.126
2014-05-19,8.005,8.125
2014-05-16,8.003,8.125
2014-05-15,7.991,8.11
2014-05-14,7.97,8.09
2014-05-13,7.963,8.085
2014-05-12,7.957,8.076
2014-05-09,7.956,8.076
2014-05-08,7.954,8.071
2014-05-07,7.952,8.071
2014-05-06,7.95,8.073
2014-05-05,7.953,8.072
2014-04-30,7.952,8.075
2014-04-29,7.95,8.076
2014-04-28,7.951,8.076
2014-04-25,7.95,8.076
2014-04-24,7.951,8.076
2014-04-23,7.951,8.076
2014-04-22,7.952,8.075
2014-04-21,7.952,8.075
2014-04-16,7.951,8.075
2014-04-15,7.96,8.126
2014-04-14,7.951,8.075
2014-04-11,7.951,8.075
2014-04-10,7.952,8.081
2014-04-09,7.951,8.074
2014-04-08,7.948,8.072
2014-04-04,7.951,8.074
2014-04-03,7.946,8.07
2014-04-01,7.951,8.074
2014-03-31,7.948,8.08
2014-03-28,7.947,8.074
2014-03-27,7.931,8.08
2014-03-26,7.932,8.071
2014-03-25,7.916,8.054
2014-03-21,7.893,8.03
2014-03-20,7.881,8.02
2014-03-19,7.877,8.016
2014-03-18,7.865,8.004
2014-03-17,7.844,7.977
2014-03-14,7.833,7.966
2014-03-13,7.824,7.959
2014-03-12,7.814,7.948
2014-03-11,7.815,7.947
2014-03-10,7.815,7.947
2014-03-07,7.822,7.958
2014-03-06,7.827,7.964
2014-03-05,7.817,7.957
2014-02-28,7.816,7.958
2014-02-27,7.818,7.963
2014-02-26,7.8,7.942
2014-02-25,7.794,7.939
2014-02-24,7.793,7.938
2014-02-21,7.774,7.917
2014-02-20,7.741,7.885
2014-02-19,7.727,7.87
2014-02-18,7.725,7.869
2014-02-17,7.739,7.883
2014-02-14,7.747,7.902
2014-02-13,7.762,7.905
2014-02-12,7.77,7.914
2014-02-11,7.774,7.918
2014-02-10,7.791,7.936
2014-02-07,7.826,7.97
2014-02-06,7.852,7.998
2014-02-05,7.869,8.052
2014-02-04,7.925,8.094
2014-02-03,7.925,8.1
2014-01-31,7.93,8.09
2014-01-30,7.933,8.114
2014-01-29,7.928,8.122
2014-01-28,7.924,8.157
2014-01-27,7.927,8.172
2014-01-24,7.889,8.184
2014-01-23,7.914,8.138
2014-01-22,6.938,7.037
2014-01-21,6.851,6.946
2014-01-20,6.787,6.884
2014-01-17,6.773,6.866
2014-01-16,6.733,6.826
2014-01-15,6.704,6.798
2014-01-14,6.669,6.762
2014-01-13,6.651,6.745
2014-01-10,6.618,6.707
2014-01-09,6.594,6.683
2014-01-08,6.577,6.667
2014-01-07,6.502,6.66
2014-01-06,6.554,6.645
2014-01-03,6.527,6.61
2014-01-02,6.506,6.589
2013-12-30,6.475,6.558
2013-12-27,6.456,6.538
2013-12-26,6.435,6.516
2013-12-23,6.406,6.488
2013-12-20,6.383,6.465
2013-12-19,6.363,6.445
2013-12-18,6.331,6.409
2013-12-17,6.299,6.376
2013-12-16,6.271,6.351
2013-12-13,6.262,6.337
2013-12-12,6.256,6.334
2013-12-11,6.24,6.317
2013-12-10,6.228,6.306
2013-12-09,6.219,6.301
2013-12-06,6.207,6.285
2013-12-05,6.19,6.269
2013-12-04,6.163,6.241
2013-12-03,6.141,6.219
2013-12-02,6.118,6.2
2013-11-29,6.101,6.184
2013-11-28,6.085,6.168
2013-11-27,6.071,6.154
2013-11-26,6.058,6.137
2013-11-22,6.041,6.121
2013-11-21,6.025,6.105
2013-11-20,6.015,6.095
2013-11-19,6.001,6.08
2013-11-18,5.976,6.049
2013-11-15,5.963,6.042
2013-11-14,5.954,6.03
2013-11-13,5.948,6.024
2013-11-12,5.946,6.022
2013-11-11,5.939,6.015
2013-11-08,5.927,6.002
2013-11-07,5.92,5.995
2013-11-05,5.92,5.994
2013-11-04,5.907,5.975
2013-11-01,5.888,5.956
2013-10-31,5.878,5.948
2013-10-30,5.865,5.938
2013-10-29,5.86,5.933
2013-10-28,5.858,5.93
2013-10-25,5.846,5.918
2013-10-24,5.839,5.911
2013-10-23,5.835,5.906
2013-10-22,5.834,5.91
2013-10-21,5.83,5.902
2013-10-18,5.824,5.901
2013-10-17,5.817,5.888
2013-10-16,5.812,5.884
2013-10-15,5.807,5.88
2013-10-11,5.804,5.876
2013-10-10,5.796,5.868
2013-10-09,5.794,5.866
2013-10-08,5.791,5.863
2013-10-07,5.789,5.862
2013-10-04,5.782,5.853
2013-10-03,5.777,5.849
2013-10-02,5.771,5.843
2013-10-01,5.767,5.84
2013-09-30,5.763,5.836
2013-09-27,5.76,5.832
2013-09-26,5.752,5.822
2013-09-25,5.744,5.816
2013-09-24,5.74,5.815
2013-09-23,5.737,5.811
2013-09-20,5.729,6.096
2013-09-19,5.724,5.798
2013-09-18,5.717,5.792
2013-09-17,5.708,5.781
2013-09-16,5.704,5.777
2013-09-13,5.696,5.768
2013-09-12,5.693,5.768
2013-09-11,5.691,5.764
2013-09-10,5.683,5.756
2013-09-09,5.681,5.754
2013-09-06,5.676,5.752
2013-09-05,5.679,5.752
2013-09-04,5.669,5.738
2013-09-03,5.661,5.73
2013-09-02,5.642,5.715
2013-08-30,5.635,5.706
2013-08-29,5.628,5.699
2013-08-28,5.617,5.688
2013-08-27,5.609,5.679
2013-08-26,5.598,5.67
2013-08-23,5.587,5.657
2013-08-22,5.579,5.65
2013-08-21,5.571,5.638
2013-08-20,5.565,5.634
2013-08-16,5.555,5.624
2013-08-15,5.543,5.611
2013-08-14,5.539,5.604
2013-08-13,5.525,5.594
2013-08-12,5.516,5.585
2013-08-09,5.509,5.578
2013-08-08,5.507,5.575
2013-08-07,5.5,5.569
2013-08-06,5.496,5.565
2013-08-05,5.49,5.559
2013-08-02,5.483,5.551
2013-08-01,5.477,5.546
2013-07-31,5.473,5.543
2013-07-30,5.466,5.536
2013-07-29,5.456,5.526
2013-07-26,5.451,5.52
2013-07-25,5.436,5.509
2013-07-24,5.431,5.506
2013-07-23,5.43,5.503
2013-07-22,5.429,5.5
2013-07-19,5.424,5.495
2013-07-18,5.414,5.483
2013-07-17,5.407,5.479
2013-07-16,5.402,5.472
2013-07-15,5.4,5.471
2013-07-12,5.392,5.462
2013-07-11,5.386,5.457
2013-07-10,5.382,5.452
2013-07-08,5.376,5.444
2013-07-05,5.375,5.442
2013-07-04,5.37,5.439
2013-07-03,5.366,5.435
2013-07-02,5.36,5.429
2013-07-01,5.359,5.428
2013-06-28,5.348,5.419
2013-06-27,5.341,5.412
2013-06-26,5.336,5.405
2013-06-25,5.333,5.402
2013-06-24,5.328,5.398
2013-06-19,5.317,5.384
2013-06-18,5.312,5.379
2013-06-17,5.31,5.374
2013-06-14,5.301,5.368
2013-06-13,5.296,5.362
2013-06-12,5.288,5.353
2013-06-11,5.283,5.349
2013-06-10,5.278,5.345
2013-06-07,5.274,5.34
2013-06-06,5.266,5.333
2013-06-05,5.264,5.33
2013-06-04,5.263,5.329
2013-06-03,5.261,5.327
2013-05-31,5.255,5.318
2013-05-30,5.249,5.314
2013-05-29,5.245,5.311
2013-05-28,5.237,5.307
2013-05-27,5.234,5.305
2013-05-24,5.234,5.302
2013-05-23,5.229,5.298
2013-05-22,5.223,5.291
2013-05-21,5.22,5.288
2013-05-20,5.214,5.283
2013-05-17,5.209,5.281
2013-05-16,5.209,5.28
2013-05-15,5.208,5.279
2013-05-14,5.203,5.273
2013-05-13,5.197,5.267
2013-05-10,5.193,5.263
2013-05-09,5.188,5.258
2013-05-08,5.184,5.253
2013-05-07,5.18,5.25
2013-05-06,5.174,5.244
2013-05-03,5.167,5.237
2013-05-02,5.159,5.23
2013-04-30,5.155,5.225
2013-04-29,5.153,5.223
2013-04-26,5.148,5.217
2013-04-25,5.146,5.212
2013-04-24,5.144,5.211
2013-04-23,5.142,5.208
2013-04-22,5.141,5.205
2013-04-19,5.135,5.199
2013-04-18,5.137,5.203
2013-04-17,5.132,5.194
2013-04-16,5.129,5.194
2013-04-15,5.126,5.191
2013-04-12,5.122,5.258
2013-04-11,5.117,5.182
2013-04-10,5.113,5.18
2013-04-09,5.111,5.178
2013-04-08,5.111,5.178
2013-04-05,5.109,5.176
2013-04-04,5.103,5.172
2013-04-03,5.102,5.17
2013-03-27,5.094,5.161
2013-03-26,5.089,5.158
2013-03-25,5.085,5.155
2013-03-22,5.077,5.145
2013-03-21,5.071,5.139
2013-03-20,5.071,5.138
2013-03-19,5.069,5.133
2013-03-18,5.066,5.13
2013-03-15,5.059,5.128
2013-03-14,5.053,5.118
2013-03-13,5.05,5.109
2013-03-12,5.046,5.112
2013-03-11,5.041,5.102
2013-03-08,5.035,5.097
2013-03-07,5.032,5.097
2013-03-06,5.03,5.094
2013-03-05,5.026,5.092
2013-03-04,5.021,5.087
2013-03-01,5.018,5.085
2013-02-28,5.011,5.077
2013-02-27,5.009,5.072
2013-02-26,5.004,5.07
2013-02-25,5.004,5.072
2013-02-22,5.002,5.066
2013-02-21,4.994,5.059
2013-02-19,4.992,5.061
2013-02-18,4.987,5.052
2013-02-15,4.98,5.039
2013-02-14,4.977,5.046
2013-02-13,4.974,5.043
2013-02-08,4.971,5.036
2013-02-07,4.963,5.033
2013-02-06,4.958,5.024
2013-02-05,4.957,5.019
2013-02-04,4.957,5.019
2013-02-01,4.953,5.021
2013-01-30,4.946,5.013
2013-01-29,4.943,5.009
2013-01-28,4.94,5.007
2013-01-25,4.935,5.001
2013-01-24,4.933,5
2013-01-23,4.933,4.997
2013-01-22,4.93,4.995
2013-01-21,4.925,4.99
2013-01-18,4.921,4.987
2013-01-17,4.921,4.987
2013-01-16,4.921,4.987
2013-01-15,4.922,4.985
2013-01-14,4.918,4.983
2013-01-11,4.914,4.98
2013-01-10,4.911,4.977
2013-01-09,4.906,4.971
2013-01-08,4.908,4.971
2013-01-07,4.901,4.971
2013-01-04,4.9,4.967
2013-01-03,4.899,4.964
2013-01-02,4.894,4.959
2012-12-31,4.875,4.945
2012-12-28,4.883,4.949
2012-12-27,4.88,4.947
2012-12-26,4.879,4.947
2012-12-21,4.872,4.942
2012-12-20,4.868,4.935
2012-12-19,4.861,4.929
2012-12-18,4.854,4.924
2012-12-17,4.852,4.918
2012-12-14,4.845,4.912
2012-12-13,4.842,4.908
2012-12-12,4.841,4.908
2012-12-11,4.836,4.902
2012-12-10,4.831,4.898
2012-12-07,4.829,4.896
2012-12-06,4.791,4.889
2012-12-05,4.819,4.886
2012-12-04,4.813,4.879
2012-12-03,4.811,4.878
2012-11-30,4.803,4.87
2012-11-29,4.802,4.869
2012-11-28,4.796,4.862
2012-11-27,4.792,4.858
2012-11-23,4.791,4.86
2012-11-22,4.79,4.857
2012-11-21,4.779,4.847
2012-11-20,4.772,4.836
2012-11-19,4.769,4.837
2012-11-16,4.766,4.833
2012-11-15,4.76,4.828
2012-11-14,4.757,4.823
2012-11-13,4.753,4.82
2012-11-12,4.751,4.818
2012-11-09,4.747,4.814
2012-11-08,4.744,4.811
2012-11-07,4.743,4.81
2012-11-05,4.742,4.809
2012-11-02,4.741,4.808
2012-11-01,4.738,4.806
2012-10-31,4.733,4.8
2012-10-30,4.731,4.797
2012-10-29,4.727,4.795
2012-10-26,4.725,4.791
2012-10-25,4.722,4.788
2012-10-24,4.72,4.786
2012-10-23,4.717,4.783
2012-10-22,4.716,4.782
2012-10-19,4.712,4.778
2012-10-18,4.708,4.774
2012-10-17,4.707,4.774
2012-10-16,4.707,4.77
2012-10-15,4.7,4.766
2012-10-12,4.699,4.762
2012-10-11,4.693,4.76
2012-10-10,4.687,4.753
2012-10-09,4.685,4.752
2012-10-05,4.681,4.748
2012-10-04,4.679,4.745
2012-10-03,4.675,4.743
2012-10-02,4.674,4.741
2012-10-01,4.673,4.741
2012-09-28,4.67,4.736
2012-09-27,4.666,4.732
2012-09-26,4.664,4.73
2012-09-25,4.663,4.729
2012-09-21,4.658,4.723
2012-09-20,4.656,4.722
2012-09-19,4.655,4.721
2012-09-18,4.648,4.713
2012-09-17,4.648,4.713
2012-09-14,4.643,4.709
2012-09-13,4.638,4.704
2012-09-12,4.638,4.707
2012-09-11,4.632,4.702
2012-09-10,4.635,4.7
2012-09-07,4.633,4.698
2012-09-06,4.627,4.693
2012-09-05,4.625,4.69
2012-09-04,4.621,4.688
2012-09-03,4.616,4.684
2012-08-31,4.613,4.678
2012-08-30,4.61,4.675
2012-08-29,4.609,4.674
2012-08-28,4.607,4.674
2012-08-27,4.604,4.671
2012-08-24,4.597,4.664
2012-08-23,4.594,4.661
2012-08-22,4.593,4.66
2012-08-21,4.593,4.66
2012-08-17,4.59,4.657
2012-08-16,4.584,4.651
2012-08-15,4.583,4.65
2012-08-14,4.582,4.649
2012-08-13,4.578,4.645
2012-08-10,4.577,4.644
2012-08-09,4.574,4.641
2012-08-08,4.573,4.641
2012-08-07,4.571,4.639
2012-08-06,4.565,4.632
2012-08-03,4.562,4.629
2012-08-02,4.562,4.629
2012-08-01,4.559,4.628
2012-07-31,4.556,4.621
2012-07-30,4.553,4.621
2012-07-27,4.553,4.62
2012-07-26,4.548,4.615
2012-07-25,4.547,4.614
2012-07-24,4.544,4.611
2012-07-23,4.542,4.609
2012-07-20,4.537,4.604
2012-07-19,4.534,4.6
2012-07-18,4.531,4.598
2012-07-17,4.525,4.592
2012-07-16,4.524,4.591
2012-07-13,4.524,4.59
2012-07-12,4.518,4.585
2012-07-11,4.513,4.58
2012-07-10,4.509,4.578
2012-07-06,4.505,4.571
2012-07-05,4.504,4.57
2012-07-04,4.505,4.568
2012-07-03,4.504,4.569
2012-07-02,4.504,4.569
2012-06-29,4.502,4.567
2012-06-28,4.496,4.561
2012-06-27,4.49,4.555
2012-06-26,4.489,4.553
2012-06-25,4.489,4.554
2012-06-22,4.486,4.551
2012-06-21,4.482,4.546
2012-06-19,4.48,4.542
2012-06-18,4.478,4.542
2012-06-15,4.475,4.539
2012-06-14,4.469,4.536
2012-06-13,4.472,4.534
2012-06-12,4.47,4.535
2012-06-11,4.469,4.533
2012-06-08,4.47,4.531
2012-06-07,4.469,4.533
2012-06-06,4.468,4.531
2012-06-05,4.457,4.521
2012-06-04,4.456,4.518
2012-06-01,4.455,4.52
2012-05-31,4.455,4.519
2012-05-30,4.455,4.519
2012-05-29,4.455,4.518
2012-05-28,4.455,4.518
2012-05-24,4.452,4.511
2012-05-23,4.448,4.511
2012-05-22,4.448,4.51
2012-05-21,4.44,4.503
2012-05-18,4.434,4.497
2012-05-17,4.432,4.495
2012-05-16,4.426,4.486
2012-05-15,4.424,4.487
2012-05-14,4.422,4.485
2012-05-11,4.42,4.484
2012-05-10,4.422,4.484
2012-05-09,4.42,4.483
2012-05-08,4.416,4.478
2012-05-07,4.413,4.476
2012-05-04,4.407,4.469
2012-05-03,4.405,4.467
2012-05-02,4.398,4.461
2012-04-27,4.393,4.456
2012-04-26,4.393,4.456
2012-04-25,4.391,4.455
2012-04-24,4.388,4.451
2012-04-23,4.383,4.446
2012-04-20,4.381,4.443
2012-04-19,4.382,4.445
2012-04-18,4.379,4.442
2012-04-17,4.372,4.435
2012-04-16,4.372,4.435
2012-04-13,4.372,4.435
2012-04-12,4.37,4.433
2012-04-11,4.363,4.426
2012-04-10,4.364,4.426
2012-04-09,4.362,4.425
2012-04-04,4.36,4.425
2012-04-03,4.354,4.419
2012-03-30,4.353,4.416
2012-03-29,4.351,4.413
2012-03-28,4.349,4.411
2012-03-27,4.349,4.411
2012-03-26,4.345,4.408
2012-03-23,4.343,4.405
2012-03-22,4.342,4.404
2012-03-21,4.341,4.404
2012-03-20,4.338,4.401
2012-03-19,4.337,4.4
2012-03-16,4.335,4.396
2012-03-15,4.335,4.398
2012-03-14,4.333,4.396
2012-03-13,4.33,4.392
2012-03-12,4.327,4.39
2012-03-09,4.325,4.387
2012-03-08,4.324,4.387
2012-03-07,4.323,4.385
2012-03-06,4.324,4.389
2012-03-05,4.325,4.387
2012-03-02,4.326,4.388
2012-03-01,4.331,4.393
2012-02-29,4.332,4.394
2012-02-28,4.331,4.392
2012-02-24,4.331,4.392
2012-02-23,4.331,4.392
2012-02-22,4.331,4.392
2012-02-17,4.33,4.389
2012-02-16,4.327,4.387
2012-02-15,4.326,4.385
2012-02-14,4.324,4.383
2012-02-13,4.324,4.383
2012-02-10,4.324,4.383
2012-02-09,4.323,4.381
2012-02-08,4.316,4.376
2012-02-07,4.314,4.373
2012-02-06,4.314,4.373
2012-02-03,4.314,4.373
2012-02-02,4.315,4.375
2012-02-01,4.314,4.373
2012-01-31,4.313,4.372
2012-01-30,4.313,4.371
2012-01-27,4.312,4.371
2012-01-26,4.312,4.371
2012-01-25,4.311,4.37
2012-01-24,4.304,4.367
2012-01-23,4.302,4.36
2012-01-20,4.297,4.356
2012-01-19,4.296,4.354
2012-01-18,4.294,4.353
2012-01-17,4.293,4.351
2012-01-16,4.289,4.351
2012-01-13,4.29,4.349
2012-01-12,4.29,4.349
2012-01-11,4.29,4.349
2012-01-10,4.289,4.351
2012-01-09,4.293,4.352
2012-01-06,4.29,4.348
2012-01-05,4.282,4.341
2012-01-04,4.281,4.34
2012-01-03,4.281,4.34
2011-12-30,4.276,4.34
2011-12-29,4.276,4.335
2011-12-28,4.272,4.331
2011-12-27,4.271,4.329
2011-12-23,4.268,4.328
2011-12-22,4.267,4.325
2011-12-21,4.267,4.325
2011-12-20,4.267,4.325
2011-12-19,4.265,4.324
2011-12-16,4.263,4.322
2011-12-15,4.261,4.319
2011-12-14,4.261,4.319
2011-12-13,4.261,4.319
2011-12-12,4.261,4.319
2011-12-07,4.261,4.319
2011-12-06,4.261,4.32
2011-12-05,4.261,4.32
2011-12-02,4.259,4.318
2011-12-01,4.258,4.317
2011-11-30,4.256,4.316
2011-11-29,4.247,4.305
2011-11-25,4.243,4.304
2011-11-24,4.244,4.3
2011-11-23,4.243,4.303
2011-11-22,4.243,4.301
2011-11-21,4.244,4.3
2011-11-18,4.243,4.302
2011-11-17,4.246,4.303
2011-11-16,4.248,4.305
2011-11-15,4.251,4.311
2011-11-14,4.249,4.309
2011-11-11,4.246,4.304
2011-11-10,4.24,4.299
2011-11-09,4.239,4.299
2011-11-08,4.24,4.298
2011-11-07,4.237,4.296
2011-11-04,4.234,4.292
2011-11-03,4.23,4.291
2011-11-02,4.232,4.29
2011-11-01,4.221,4.28
2011-10-31,4.22,4.278
2011-10-28,4.221,4.279
2011-10-27,4.22,4.277
2011-10-26,4.219,4.278
2011-10-25,4.219,4.277
2011-10-24,4.219,4.276
2011-10-21,4.219,4.276
2011-10-20,4.214,4.273
2011-10-19,4.213,4.271
2011-10-18,4.204,4.261
2011-10-17,4.204,4.263
2011-10-14,4.198,4.256
2011-10-13,4.196,4.249
2011-10-12,4.193,4.252
2011-10-11,4.193,4.251
2011-10-07,4.193,4.251
2011-10-06,4.192,4.25
2011-10-05,4.19,4.248
2011-10-04,4.189,4.248
2011-10-03,4.188,4.247
2011-09-30,4.189,4.248
2011-09-29,4.189,4.248
2011-09-28,4.19,4.25
2011-09-27,4.189,4.248
2011-09-26,4.189,4.248
2011-09-23,4.189,4.248
2011-09-22,4.187,4.245
2011-09-21,4.186,4.244
2011-09-20,4.191,4.248
2011-09-19,4.196,4.253
2011-09-16,4.195,4.252
2011-09-15,4.195,4.252
2011-09-14,4.195,4.252
2011-09-13,4.195,4.252
2011-09-12,4.196,4.253
2011-09-09,4.194,4.252
2011-09-08,4.196,4.253
2011-09-07,4.196,4.254
2011-09-06,4.196,4.254
2011-09-05,4.199,4.257
2011-09-02,4.2,4.261
2011-09-01,4.196,4.252
2011-08-31,4.18,4.236
2011-08-30,4.175,4.229
2011-08-29,4.168,4.224
2011-08-26,4.168,4.223
2011-08-25,4.168,4.223
2011-08-24,4.167,4.222
2011-08-23,4.162,4.216
2011-08-19,4.159,4.213
2011-08-18,4.151,4.206
2011-08-17,4.147,4.202
2011-08-16,4.144,4.198
2011-08-15,4.142,4.196
2011-08-12,4.14,4.196
2011-08-11,4.14,4.194
2011-08-10,4.138,4.193
2011-08-09,4.137,4.193
2011-08-08,4.137,4.193
2011-08-05,4.136,4.192
2011-08-04,4.13,4.187
2011-08-03,4.129,4.185
2011-08-02,4.127,4.183
2011-07-29,4.123,4.179
2011-07-28,4.122,4.177
2011-07-27,4.12,4.176
2011-07-26,4.119,4.174
2011-07-25,4.12,4.175
2011-07-22,4.118,4.173
2011-07-21,4.116,4.174
2011-07-20,4.116,4.172
2011-07-19,4.11,4.165
2011-07-18,4.107,4.162
2011-07-15,4.104,4.16
2011-07-14,4.105,4.16
2011-07-13,4.104,4.16
2011-07-12,4.104,4.16
2011-07-11,4.104,4.16
2011-07-08,4.104,4.16
2011-07-07,4.1,4.156
2011-07-06,4.098,4.154
2011-07-05,4.097,4.152
2011-07-04,4.094,4.149
2011-07-01,4.092,4.148
2011-06-30,4.091,4.147
2011-06-29,4.087,4.143
2011-06-28,4.085,4.14
2011-06-27,4.082,4.138
2011-06-24,4.083,4.139
2011-06-23,4.082,4.138
2011-06-22,4.081,4.137
2011-06-21,4.08,4.138
2011-06-17,4.078,4.134
2011-06-16,4.078,4.134
2011-06-15,4.077,4.133
2011-06-14,4.077,4.134
2011-06-13,4.078,4.133
2011-06-10,4.077,4.132
2011-06-09,4.077,4.132
2011-06-08,4.077,4.133
2011-06-07,4.076,4.131
2011-06-06,4.076,4.131
2011-06-03,4.077,4.131
2011-06-02,4.076,4.131
2011-06-01,4.074,4.13
2011-05-31,4.073,4.128
2011-05-30,4.072,4.127
2011-05-27,4.072,4.127
2011-05-26,4.072,4.127
2011-05-24,4.072,4.126
2011-05-23,4.071,4.126
2011-05-20,4.07,4.124
2011-05-19,4.068,4.122
2011-05-18,4.068,4.122
2011-05-17,4.065,4.118
2011-05-16,4.065,4.118
2011-05-13,4.065,4.118
2011-05-12,4.065,4.118
2011-05-11,4.064,4.116
2011-05-10,4.064,4.116
2011-05-09,4.063,4.116
2011-05-06,4.065,4.116
2011-05-05,4.063,4.115
2011-05-04,4.065,4.113
2011-05-03,4.063,4.115
2011-05-02,4.063,4.115
2011-04-29,4.062,4.115
2011-04-28,4.063,4.116
2011-04-27,4.062,4.114
2011-04-26,4.061,4.113
2011-04-25,4.061,4.111
2011-04-20,4.056,4.109
2011-04-19,4.052,4.105
2011-04-18,4.049,4.102
2011-04-15,4.045,4.097
2011-04-14,4.042,4.095
2011-04-13,4.035,4.087
2011-04-12,4.031,4.083
2011-04-11,4.03,4.084
2011-04-08,4.031,4.083
2011-04-07,4.031,4.083
2011-04-06,4.031,4.083
2011-04-05,4.031,4.083
2011-04-04,4.031,4.083
2011-04-01,4.032,4.084
2011-03-31,4.029,4.081
2011-03-30,4.028,4.081
2011-03-29,4.022,4.074
2011-03-28,4.022,4.072
2011-03-23,4.02,4.072
2011-03-22,4.019,4.071
2011-03-21,4.019,4.071
2011-03-18,4.018,4.072
2011-03-17,4.019,4.07
2011-03-16,4.016,4.067
2011-03-15,4.011,4.063
2011-03-14,4.011,4.063
2011-03-11,4.01,4.063
2011-03-10,4.01,4.063
2011-03-09,4.011,4.063
2011-03-04,4.01,4.063
2011-03-03,4.01,4.063
2011-03-02,4.01,4.063
2011-03-01,4.01,4.063
2011-02-28,4.009,4.062
2011-02-25,4.01,4.062
2011-02-24,4.008,4.061
2011-02-23,4.008,4.061
2011-02-22,4.008,4.061
2011-02-21,4.004,4.057
2011-02-18,4,4.053
2011-02-17,4,4.054
2011-02-16,3.997,4.054
2011-02-15,4,4.054
2011-02-14,4,4.054
2011-02-11,3.999,4.053
2011-02-10,3.998,4.052
2011-02-09,3.996,4.05
2011-02-08,3.996,4.05
2011-02-07,3.996,4.049
2011-02-04,3.994,4.047
2011-02-03,3.993,4.047
2011-02-02,3.993,4.045
2011-02-01,3.988,4.042
2011-01-31,3.982,4.034
2011-01-28,3.976,4.029
2011-01-27,3.971,4.024
2011-01-26,3.967,4.019
2011-01-25,3.965,4.017
2011-01-24,3.964,4.016
2011-01-21,3.964,4.015
2011-01-20,3.962,4.014
2011-01-19,3.962,4.013
2011-01-18,3.961,4.013
2011-01-17,3.959,4.011
2011-01-14,3.96,4.011
2011-01-13,3.959,4.011
2011-01-12,3.959,4.011
2011-01-11,3.958,4.011
2011-01-10,3.959,4.01
2011-01-07,3.956,4.009
2011-01-06,3.958,4.01
2011-01-05,3.959,4.011
2011-01-04,3.959,4.011
2011-01-03,3.959,4.011
2010-12-30,3.96,4.012
2010-12-29,3.962,4.013
2010-12-28,3.963,4.015
2010-12-27,3.962,4.012
2010-12-23,3.957,4.008
2010-12-22,3.957,4.007
2010-12-21,3.957,4.008
2010-12-20,3.958,4.008
2010-12-17,3.957,4.008
2010-12-16,3.956,4.008
2010-12-15,3.956,4.007
2010-12-14,3.956,4.006
2010-12-13,3.958,4.009
2010-12-10,3.957,4.01
2010-12-09,3.958,4.01
2010-12-07,3.959,4.01
2010-12-06,3.961,4.011
2010-12-03,3.961,4.011
2010-12-02,3.961,4.012
2010-12-01,3.962,4.012
2010-11-30,3.96,4.011
2010-11-29,3.96,4.012
2010-11-26,3.955,4.009
2010-11-25,3.952,4.003
2010-11-24,3.952,4.003
2010-11-23,3.951,4.002
2010-11-19,3.951,4.002
2010-11-18,3.951,4.004
2010-11-17,3.951,4.002
2010-11-16,3.946,3.998
2010-11-15,3.944,3.994
2010-11-12,3.94,3.992
2010-11-11,3.941,3.991
2010-11-10,3.94,3.991
2010-11-09,3.939,3.992
2010-11-08,3.938,3.99
2010-11-05,3.938,3.99
2010-11-04,3.938,3.99
2010-11-03,3.938,3.99
2010-11-02,3.938,3.991
2010-11-01,3.938,3.99
2010-10-29,3.939,3.99
2010-10-28,3.939,3.99
2010-10-26,3.938,3.989
2010-10-25,3.938,3.989
2010-10-22,3.938,3.989
2010-10-21,3.938,3.989
2010-10-20,3.934,3.985
2010-10-19,3.932,3.983
2010-10-18,3.931,3.982
2010-10-15,3.93,3.981
2010-10-14,3.934,3.98
2010-10-13,3.933,3.983
2010-10-12,3.938,3.989
2010-10-08,3.939,3.989
2010-10-07,3.938,3.989
2010-10-06,3.939,3.99
2010-10-05,3.939,3.99
2010-10-04,3.942,3.992
2010-10-01,3.941,3.992
2010-09-30,3.944,3.993
2010-09-29,3.947,3.998
2010-09-28,3.947,3.998
2010-09-27,3.938,3.988
2010-09-24,3.932,3.982
2010-09-23,3.927,3.981
2010-09-22,3.929,3.979
2010-09-21,3.928,3.979
2010-09-20,3.927,3.977
2010-09-17,3.927,3.976
2010-09-16,3.927,3.976
2010-09-15,3.928,3.976
2010-09-14,3.926,3.976
2010-09-13,3.925,3.974
2010-09-10,3.925,3.974
2010-09-09,3.924,3.973
2010-09-08,3.925,3.973
2010-09-07,3.926,3.973
2010-09-06,3.925,3.974
2010-09-03,3.923,3.972
2010-09-02,3.925,3.975
2010-09-01,3.925,3.975
2010-08-31,3.925,3.974
2010-08-30,3.922,3.972
2010-08-27,3.921,3.972
2010-08-26,3.924,3.972
2010-08-25,3.921,3.971
2010-08-24,3.917,3.967
2010-08-23,3.917,3.967
2010-08-20,3.916,3.966
2010-08-19,3.917,3.964
2010-08-18,3.911,3.962
2010-08-17,3.911,3.962
2010-08-13,3.911,3.961
2010-08-12,3.91,3.961
2010-08-11,3.911,3.961
2010-08-10,3.91,3.961
2010-08-09,3.91,3.961
2010-08-06,3.912,3.962
2010-08-05,3.914,3.965
2010-08-04,3.914,3.965
2010-08-03,3.915,3.966
2010-08-02,3.915,3.967
2010-07-30,3.914,3.965
2010-07-29,3.913,3.964
2010-07-28,3.91,3.962
2010-07-27,3.91,3.962
2010-07-26,3.91,3.961
2010-07-23,3.91,3.961
2010-07-22,3.911,3.963
2010-07-21,3.913,3.964
2010-07-20,3.913,3.964
2010-07-19,3.913,3.965
2010-07-16,3.913,3.964
2010-07-15,3.911,3.963
2010-07-14,3.911,3.963
2010-07-13,3.913,3.965
2010-07-12,3.913,3.965
2010-07-08,3.915,3.965
2010-07-07,3.913,3.964
2010-07-06,3.914,3.964
2010-07-05,3.912,3.964
2010-07-02,3.912,3.963
2010-07-01,3.911,3.962
2010-06-30,3.909,3.961
2010-06-29,3.907,3.959
2010-06-28,3.907,3.959
2010-06-25,3.907,3.959
2010-06-24,3.905,3.957
2010-06-23,3.904,3.956
2010-06-22,3.904,3.956
2010-06-18,3.903,3.956
2010-06-17,3.903,3.956
2010-06-16,3.903,3.956
2010-06-15,3.903,3.956
2010-06-14,3.905,3.956
2010-06-11,3.898,3.951
2010-06-10,3.897,3.949
2010-06-09,3.897,3.949
2010-06-08,3.9,3.951
2010-06-07,3.903,3.954
2010-06-04,3.901,3.952
2010-06-03,3.901,3.953
2010-06-02,3.905,3.955
2010-06-01,3.904,3.955

